"filename", "language", "Python", "C", "Properties", "C++", "Batch", "reStructuredText", "pip requirements", "Markdown", "Diff", "Shell Script", "Perl", "XML", "Makefile", "YAML", "comment", "blank", "total"
"/home/powbu/Documents/Uni/Bachelorarbeit/unbound/.github/FUNDING.yml", "YAML", 0, 0, 0, 0, 0, 0, 0, 0, 0, 0, 0, 0, 0, 2, 0, 1, 3
"/home/powbu/Documents/Uni/Bachelorarbeit/unbound/.github/ISSUE_TEMPLATE/bug_report.md", "Markdown", 0, 0, 0, 0, 0, 0, 0, 22, 0, 0, 0, 0, 0, 0, 12, 8, 42
"/home/powbu/Documents/Uni/Bachelorarbeit/unbound/.github/ISSUE_TEMPLATE/feature_request.md", "Markdown", 0, 0, 0, 0, 0, 0, 0, 14, 0, 0, 0, 0, 0, 0, 12, 6, 32
"/home/powbu/Documents/Uni/Bachelorarbeit/unbound/.github/workflows/analysis_ports.yml", "YAML", 0, 0, 0, 0, 0, 0, 0, 0, 0, 0, 0, 0, 0, 330, 19, 4, 353
"/home/powbu/Documents/Uni/Bachelorarbeit/unbound/.github/workflows/ci.yml", "YAML", 0, 0, 0, 0, 0, 0, 0, 0, 0, 0, 0, 0, 0, 17, 0, 5, 22
"/home/powbu/Documents/Uni/Bachelorarbeit/unbound/.travis.yml", "YAML", 0, 0, 0, 0, 0, 0, 0, 0, 0, 0, 0, 0, 0, 369, 5, 7, 381
"/home/powbu/Documents/Uni/Bachelorarbeit/unbound/README-Travis.md", "Markdown", 0, 0, 0, 0, 0, 0, 0, 205, 0, 0, 0, 0, 0, 0, 0, 74, 279
"/home/powbu/Documents/Uni/Bachelorarbeit/unbound/README.md", "Markdown", 0, 0, 0, 0, 0, 0, 0, 32, 0, 0, 0, 0, 0, 0, 0, 11, 43
"/home/powbu/Documents/Uni/Bachelorarbeit/unbound/SECURITY.md", "Markdown", 0, 0, 0, 0, 0, 0, 0, 21, 0, 0, 0, 0, 0, 0, 0, 11, 32
"/home/powbu/Documents/Uni/Bachelorarbeit/unbound/cachedb/cachedb.c", "C", 0, 663, 0, 0, 0, 0, 0, 0, 0, 0, 0, 0, 0, 0, 192, 72, 927
"/home/powbu/Documents/Uni/Bachelorarbeit/unbound/cachedb/cachedb.h", "C++", 0, 0, 0, 29, 0, 0, 0, 0, 0, 0, 0, 0, 0, 0, 69, 15, 113
"/home/powbu/Documents/Uni/Bachelorarbeit/unbound/cachedb/redis.c", "C", 0, 268, 0, 0, 0, 0, 0, 0, 0, 0, 0, 0, 0, 0, 77, 32, 377
"/home/powbu/Documents/Uni/Bachelorarbeit/unbound/cachedb/redis.h", "C++", 0, 0, 0, 1, 0, 0, 0, 0, 0, 0, 0, 0, 0, 0, 42, 3, 46
"/home/powbu/Documents/Uni/Bachelorarbeit/unbound/compat/arc4_lock.c", "C", 0, 41, 0, 0, 0, 0, 0, 0, 0, 0, 0, 0, 0, 0, 33, 9, 83
"/home/powbu/Documents/Uni/Bachelorarbeit/unbound/compat/arc4random.c", "C", 0, 245, 0, 0, 0, 0, 0, 0, 0, 0, 0, 0, 0, 0, 33, 35, 313
"/home/powbu/Documents/Uni/Bachelorarbeit/unbound/compat/arc4random_uniform.c", "C", 0, 17, 0, 0, 0, 0, 0, 0, 0, 0, 0, 0, 0, 0, 33, 8, 58
"/home/powbu/Documents/Uni/Bachelorarbeit/unbound/compat/chacha_private.h", "C++", 0, 0, 0, 193, 0, 0, 0, 0, 0, 0, 0, 0, 0, 0, 7, 23, 223
"/home/powbu/Documents/Uni/Bachelorarbeit/unbound/compat/ctime_r.c", "C", 0, 33, 0, 0, 0, 0, 0, 0, 0, 0, 0, 0, 0, 0, 6, 4, 43
"/home/powbu/Documents/Uni/Bachelorarbeit/unbound/compat/explicit_bzero.c", "C", 0, 19, 0, 0, 0, 0, 0, 0, 0, 0, 0, 0, 0, 0, 5, 3, 27
"/home/powbu/Documents/Uni/Bachelorarbeit/unbound/compat/fake-rfc2553.c", "C", 0, 158, 0, 0, 0, 0, 0, 0, 0, 0, 0, 0, 0, 0, 39, 29, 226
"/home/powbu/Documents/Uni/Bachelorarbeit/unbound/compat/fake-rfc2553.h", "C++", 0, 0, 0, 110, 0, 0, 0, 0, 0, 0, 0, 0, 0, 0, 43, 22, 175
"/home/powbu/Documents/Uni/Bachelorarbeit/unbound/compat/getentropy_freebsd.c", "C", 0, 30, 0, 0, 0, 0, 0, 0, 0, 0, 0, 0, 0, 0, 23, 10, 63
"/home/powbu/Documents/Uni/Bachelorarbeit/unbound/compat/getentropy_linux.c", "C", 0, 400, 0, 0, 0, 0, 0, 0, 0, 0, 0, 0, 0, 0, 89, 51, 540
"/home/powbu/Documents/Uni/Bachelorarbeit/unbound/compat/getentropy_osx.c", "C", 0, 315, 0, 0, 0, 0, 0, 0, 0, 0, 0, 0, 0, 0, 58, 45, 418
"/home/powbu/Documents/Uni/Bachelorarbeit/unbound/compat/getentropy_solaris.c", "C", 0, 328, 0, 0, 0, 0, 0, 0, 0, 0, 0, 0, 0, 0, 71, 43, 442
"/home/powbu/Documents/Uni/Bachelorarbeit/unbound/compat/getentropy_win.c", "C", 0, 28, 0, 0, 0, 0, 0, 0, 0, 0, 0, 0, 0, 0, 24, 8, 60
"/home/powbu/Documents/Uni/Bachelorarbeit/unbound/compat/gmtime_r.c", "C", 0, 83, 0, 0, 0, 0, 0, 0, 0, 0, 0, 0, 0, 0, 13, 12, 108
"/home/powbu/Documents/Uni/Bachelorarbeit/unbound/compat/inet_aton.c", "C", 0, 89, 0, 0, 0, 0, 0, 0, 0, 0, 0, 0, 0, 0, 79, 15, 183
"/home/powbu/Documents/Uni/Bachelorarbeit/unbound/compat/inet_ntop.c", "C", 0, 133, 0, 0, 0, 0, 0, 0, 0, 0, 0, 0, 0, 0, 69, 17, 219
"/home/powbu/Documents/Uni/Bachelorarbeit/unbound/compat/inet_pton.c", "C", 0, 147, 0, 0, 0, 0, 0, 0, 0, 0, 0, 0, 0, 0, 65, 19, 231
"/home/powbu/Documents/Uni/Bachelorarbeit/unbound/compat/isblank.c", "C", 0, 7, 0, 0, 0, 0, 0, 0, 0, 0, 0, 0, 0, 0, 35, 4, 46
"/home/powbu/Documents/Uni/Bachelorarbeit/unbound/compat/malloc.c", "C", 0, 15, 0, 0, 0, 0, 0, 0, 0, 0, 0, 0, 0, 0, 5, 5, 25
"/home/powbu/Documents/Uni/Bachelorarbeit/unbound/compat/memcmp.c", "C", 0, 15, 0, 0, 0, 0, 0, 0, 0, 0, 0, 0, 0, 0, 7, 4, 26
"/home/powbu/Documents/Uni/Bachelorarbeit/unbound/compat/memcmp.h", "C++", 0, 0, 0, 6, 0, 0, 0, 0, 0, 0, 0, 0, 0, 0, 8, 3, 17
"/home/powbu/Documents/Uni/Bachelorarbeit/unbound/compat/memmove.c", "C", 0, 24, 0, 0, 0, 0, 0, 0, 0, 0, 0, 0, 0, 0, 15, 5, 44
"/home/powbu/Documents/Uni/Bachelorarbeit/unbound/compat/reallocarray.c", "C", 0, 19, 0, 0, 0, 0, 0, 0, 0, 0, 0, 0, 0, 0, 20, 4, 43
"/home/powbu/Documents/Uni/Bachelorarbeit/unbound/compat/sha512.c", "C", 0, 294, 0, 0, 0, 0, 0, 0, 0, 0, 0, 0, 0, 0, 137, 47, 478
"/home/powbu/Documents/Uni/Bachelorarbeit/unbound/compat/snprintf.c", "C", 0, 775, 0, 0, 0, 0, 0, 0, 0, 0, 0, 0, 0, 0, 189, 77, 1041
"/home/powbu/Documents/Uni/Bachelorarbeit/unbound/compat/strlcat.c", "C", 0, 28, 0, 0, 0, 0, 0, 0, 0, 0, 0, 0, 0, 0, 36, 10, 74
"/home/powbu/Documents/Uni/Bachelorarbeit/unbound/compat/strlcpy.c", "C", 0, 25, 0, 0, 0, 0, 0, 0, 0, 0, 0, 0, 0, 0, 24, 9, 58
"/home/powbu/Documents/Uni/Bachelorarbeit/unbound/compat/strptime.c", "C", 0, 266, 0, 0, 0, 0, 0, 0, 0, 0, 0, 0, 0, 0, 60, 20, 346
"/home/powbu/Documents/Uni/Bachelorarbeit/unbound/compat/strsep.c", "C", 0, 31, 0, 0, 0, 0, 0, 0, 0, 0, 0, 0, 0, 0, 31, 4, 66
"/home/powbu/Documents/Uni/Bachelorarbeit/unbound/contrib/aaaa-filter-iterator.patch", "Diff", 0, 0, 0, 0, 0, 0, 0, 0, 401, 0, 0, 0, 0, 0, 0, 13, 414
"/home/powbu/Documents/Uni/Bachelorarbeit/unbound/contrib/android/15-android.conf", "Properties", 0, 0, 29, 0, 0, 0, 0, 0, 0, 0, 0, 0, 0, 0, 5, 4, 38
"/home/powbu/Documents/Uni/Bachelorarbeit/unbound/contrib/android/install_expat.sh", "Shell Script", 0, 0, 0, 0, 0, 0, 0, 0, 0, 40, 0, 0, 0, 0, 2, 10, 52
"/home/powbu/Documents/Uni/Bachelorarbeit/unbound/contrib/android/install_ndk.sh", "Shell Script", 0, 0, 0, 0, 0, 0, 0, 0, 0, 46, 0, 0, 0, 0, 2, 13, 61
"/home/powbu/Documents/Uni/Bachelorarbeit/unbound/contrib/android/install_openssl.sh", "Shell Script", 0, 0, 0, 0, 0, 0, 0, 0, 0, 35, 0, 0, 0, 0, 1, 9, 45
"/home/powbu/Documents/Uni/Bachelorarbeit/unbound/contrib/android/install_tools.sh", "Shell Script", 0, 0, 0, 0, 0, 0, 0, 0, 0, 3, 0, 0, 0, 0, 2, 2, 7
"/home/powbu/Documents/Uni/Bachelorarbeit/unbound/contrib/android/setenv_android.sh", "Shell Script", 0, 0, 0, 0, 0, 0, 0, 0, 0, 133, 0, 0, 0, 0, 30, 41, 204
"/home/powbu/Documents/Uni/Bachelorarbeit/unbound/contrib/build-unbound-localzone-from-hosts.pl", "Perl", 0, 0, 0, 0, 0, 0, 0, 0, 0, 0, 39, 0, 0, 0, 4, 25, 68
"/home/powbu/Documents/Uni/Bachelorarbeit/unbound/contrib/create_unbound_ad_servers.cmd", "Batch", 0, 0, 0, 0, 15, 0, 0, 0, 0, 0, 0, 0, 0, 0, 11, 8, 34
"/home/powbu/Documents/Uni/Bachelorarbeit/unbound/contrib/create_unbound_ad_servers.sh", "Shell Script", 0, 0, 0, 0, 0, 0, 0, 0, 0, 21, 0, 0, 0, 0, 15, 7, 43
"/home/powbu/Documents/Uni/Bachelorarbeit/unbound/contrib/drop-tld.diff", "Diff", 0, 0, 0, 0, 0, 0, 0, 0, 81, 0, 0, 0, 0, 0, 0, 2, 83
"/home/powbu/Documents/Uni/Bachelorarbeit/unbound/contrib/fastrpz.patch", "Diff", 0, 0, 0, 0, 0, 0, 0, 0, 3417, 0, 0, 0, 0, 0, 70, 18, 3505
"/home/powbu/Documents/Uni/Bachelorarbeit/unbound/contrib/ios/15-ios.conf", "Properties", 0, 0, 33, 0, 0, 0, 0, 0, 0, 0, 0, 0, 0, 0, 7, 2, 42
"/home/powbu/Documents/Uni/Bachelorarbeit/unbound/contrib/ios/install_expat.sh", "Shell Script", 0, 0, 0, 0, 0, 0, 0, 0, 0, 44, 0, 0, 0, 0, 2, 11, 57
"/home/powbu/Documents/Uni/Bachelorarbeit/unbound/contrib/ios/install_openssl.sh", "Shell Script", 0, 0, 0, 0, 0, 0, 0, 0, 0, 39, 0, 0, 0, 0, 4, 10, 53
"/home/powbu/Documents/Uni/Bachelorarbeit/unbound/contrib/ios/install_tools.sh", "Shell Script", 0, 0, 0, 0, 0, 0, 0, 0, 0, 2, 0, 0, 0, 0, 7, 2, 11
"/home/powbu/Documents/Uni/Bachelorarbeit/unbound/contrib/ios/openssl.patch", "Diff", 0, 0, 0, 0, 0, 0, 0, 0, 22, 0, 0, 0, 0, 0, 22, 5, 49
"/home/powbu/Documents/Uni/Bachelorarbeit/unbound/contrib/ios/setenv_ios.sh", "Shell Script", 0, 0, 0, 0, 0, 0, 0, 0, 0, 155, 0, 0, 0, 0, 64, 56, 275
"/home/powbu/Documents/Uni/Bachelorarbeit/unbound/contrib/libunbound.so.conf", "Properties", 0, 0, 41, 0, 0, 0, 0, 0, 0, 0, 0, 0, 0, 0, 1, 1, 43
"/home/powbu/Documents/Uni/Bachelorarbeit/unbound/contrib/parseunbound.pl", "Perl", 0, 0, 0, 0, 0, 0, 0, 0, 0, 0, 103, 0, 0, 0, 26, 12, 141
"/home/powbu/Documents/Uni/Bachelorarbeit/unbound/contrib/patch_rsamd5_enable.diff", "Diff", 0, 0, 0, 0, 0, 0, 0, 0, 22, 0, 0, 0, 0, 0, 0, 1, 23
"/home/powbu/Documents/Uni/Bachelorarbeit/unbound/contrib/redirect-bogus.patch", "Diff", 0, 0, 0, 0, 0, 0, 0, 0, 329, 0, 0, 0, 0, 0, 12, 4, 345
"/home/powbu/Documents/Uni/Bachelorarbeit/unbound/contrib/unbound-fuzzme.patch", "Diff", 0, 0, 0, 0, 0, 0, 0, 0, 137, 0, 0, 0, 0, 0, 1, 11, 149
"/home/powbu/Documents/Uni/Bachelorarbeit/unbound/contrib/unbound-host.nagios.patch", "Diff", 0, 0, 0, 0, 0, 0, 0, 0, 124, 0, 0, 0, 0, 0, 2, 9, 135
"/home/powbu/Documents/Uni/Bachelorarbeit/unbound/contrib/unbound-querycachedb.py", "Python", 68, 0, 0, 0, 0, 0, 0, 0, 0, 0, 0, 0, 0, 0, 1, 9, 78
"/home/powbu/Documents/Uni/Bachelorarbeit/unbound/contrib/unbound_cache.cmd", "Batch", 0, 0, 0, 0, 78, 0, 0, 0, 0, 0, 0, 0, 0, 0, 12, 16, 106
"/home/powbu/Documents/Uni/Bachelorarbeit/unbound/contrib/unbound_cache.sh", "Shell Script", 0, 0, 0, 0, 0, 0, 0, 0, 0, 120, 0, 0, 0, 0, 33, 21, 174
"/home/powbu/Documents/Uni/Bachelorarbeit/unbound/contrib/update-anchor.sh", "Shell Script", 0, 0, 0, 0, 0, 0, 0, 0, 0, 133, 0, 0, 0, 0, 16, 10, 159
"/home/powbu/Documents/Uni/Bachelorarbeit/unbound/contrib/validation-reporter.sh", "Shell Script", 0, 0, 0, 0, 0, 0, 0, 0, 0, 82, 0, 0, 0, 0, 20, 16, 118
"/home/powbu/Documents/Uni/Bachelorarbeit/unbound/contrib/warmup.cmd", "Batch", 0, 0, 0, 0, 135, 0, 0, 0, 0, 0, 0, 0, 0, 0, 9, 9, 153
"/home/powbu/Documents/Uni/Bachelorarbeit/unbound/contrib/warmup.sh", "Shell Script", 0, 0, 0, 0, 0, 0, 0, 0, 0, 134, 0, 0, 0, 0, 9, 8, 151
"/home/powbu/Documents/Uni/Bachelorarbeit/unbound/daemon/acl_list.c", "C", 0, 691, 0, 0, 0, 0, 0, 0, 0, 0, 0, 0, 0, 0, 96, 39, 826
"/home/powbu/Documents/Uni/Bachelorarbeit/unbound/daemon/acl_list.h", "C++", 0, 0, 0, 52, 0, 0, 0, 0, 0, 0, 0, 0, 0, 0, 135, 19, 206
"/home/powbu/Documents/Uni/Bachelorarbeit/unbound/daemon/cachedump.c", "C", 0, 756, 0, 0, 0, 0, 0, 0, 0, 0, 0, 0, 0, 0, 97, 66, 919
"/home/powbu/Documents/Uni/Bachelorarbeit/unbound/daemon/cachedump.h", "C++", 0, 0, 0, 9, 0, 0, 0, 0, 0, 0, 0, 0, 0, 0, 93, 7, 109
"/home/powbu/Documents/Uni/Bachelorarbeit/unbound/daemon/daemon.c", "C", 0, 765, 0, 0, 0, 0, 0, 0, 0, 0, 0, 0, 0, 0, 188, 53, 1006
"/home/powbu/Documents/Uni/Bachelorarbeit/unbound/daemon/daemon.h", "C++", 0, 0, 0, 73, 0, 0, 0, 0, 0, 0, 0, 0, 0, 0, 106, 14, 193
"/home/powbu/Documents/Uni/Bachelorarbeit/unbound/daemon/remote.c", "C", 0, 2900, 0, 0, 0, 0, 0, 0, 0, 0, 0, 0, 0, 0, 295, 165, 3360
"/home/powbu/Documents/Uni/Bachelorarbeit/unbound/daemon/remote.h", "C++", 0, 0, 0, 57, 0, 0, 0, 0, 0, 0, 0, 0, 0, 0, 131, 19, 207
"/home/powbu/Documents/Uni/Bachelorarbeit/unbound/daemon/stats.c", "C", 0, 489, 0, 0, 0, 0, 0, 0, 0, 0, 0, 0, 0, 0, 63, 35, 587
"/home/powbu/Documents/Uni/Bachelorarbeit/unbound/daemon/stats.h", "C++", 0, 0, 0, 28, 0, 0, 0, 0, 0, 0, 0, 0, 0, 0, 94, 15, 137
"/home/powbu/Documents/Uni/Bachelorarbeit/unbound/daemon/unbound.c", "C", 0, 669, 0, 0, 0, 0, 0, 0, 0, 0, 0, 0, 0, 0, 124, 54, 847
"/home/powbu/Documents/Uni/Bachelorarbeit/unbound/daemon/worker.c", "C", 0, 2092, 0, 0, 0, 0, 0, 0, 0, 0, 0, 0, 0, 0, 312, 124, 2528
"/home/powbu/Documents/Uni/Bachelorarbeit/unbound/daemon/worker.h", "C++", 0, 0, 0, 64, 0, 0, 0, 0, 0, 0, 0, 0, 0, 0, 105, 16, 185
"/home/powbu/Documents/Uni/Bachelorarbeit/unbound/dns64/dns64.c", "C", 0, 591, 0, 0, 0, 0, 0, 0, 0, 0, 0, 0, 0, 0, 369, 99, 1059
"/home/powbu/Documents/Uni/Bachelorarbeit/unbound/dns64/dns64.h", "C++", 0, 0, 0, 13, 0, 0, 0, 0, 0, 0, 0, 0, 0, 0, 48, 11, 72
"/home/powbu/Documents/Uni/Bachelorarbeit/unbound/dnscrypt/cert.h", "C++", 0, 0, 0, 20, 0, 0, 0, 0, 0, 0, 0, 0, 0, 0, 5, 8, 33
"/home/powbu/Documents/Uni/Bachelorarbeit/unbound/dnscrypt/dnscrypt.c", "C", 0, 815, 0, 0, 0, 0, 0, 0, 0, 0, 0, 0, 0, 0, 198, 98, 1111
"/home/powbu/Documents/Uni/Bachelorarbeit/unbound/dnscrypt/dnscrypt.h", "C++", 0, 0, 0, 80, 0, 0, 0, 0, 0, 0, 0, 0, 0, 0, 65, 31, 176
"/home/powbu/Documents/Uni/Bachelorarbeit/unbound/dnscrypt/testdata/gencert.sh", "Shell Script", 0, 0, 0, 0, 0, 0, 0, 0, 0, 30, 0, 0, 0, 0, 3, 6, 39
"/home/powbu/Documents/Uni/Bachelorarbeit/unbound/dnstap/dnstap.c", "C", 0, 439, 0, 0, 0, 0, 0, 0, 0, 0, 0, 0, 0, 0, 71, 75, 585
"/home/powbu/Documents/Uni/Bachelorarbeit/unbound/dnstap/dnstap.h", "C++", 0, 0, 0, 66, 0, 0, 0, 0, 0, 0, 0, 0, 0, 0, 118, 24, 208
"/home/powbu/Documents/Uni/Bachelorarbeit/unbound/dnstap/dnstap_fstrm.c", "C", 0, 147, 0, 0, 0, 0, 0, 0, 0, 0, 0, 0, 0, 0, 79, 11, 237
"/home/powbu/Documents/Uni/Bachelorarbeit/unbound/dnstap/dnstap_fstrm.h", "C++", 0, 0, 0, 17, 0, 0, 0, 0, 0, 0, 0, 0, 0, 0, 166, 12, 195
"/home/powbu/Documents/Uni/Bachelorarbeit/unbound/dnstap/dtstream.c", "C", 0, 1768, 0, 0, 0, 0, 0, 0, 0, 0, 0, 0, 0, 0, 290, 132, 2190
"/home/powbu/Documents/Uni/Bachelorarbeit/unbound/dnstap/dtstream.h", "C++", 0, 0, 0, 102, 0, 0, 0, 0, 0, 0, 0, 0, 0, 0, 215, 38, 355
"/home/powbu/Documents/Uni/Bachelorarbeit/unbound/dnstap/unbound-dnstap-socket.c", "C", 0, 1316, 0, 0, 0, 0, 0, 0, 0, 0, 0, 0, 0, 0, 159, 100, 1575
"/home/powbu/Documents/Uni/Bachelorarbeit/unbound/doc/README.ipset.md", "Markdown", 0, 0, 0, 0, 0, 0, 0, 57, 0, 0, 0, 0, 0, 0, 0, 9, 66
"/home/powbu/Documents/Uni/Bachelorarbeit/unbound/doc/requirements.txt", "pip requirements", 0, 0, 0, 0, 0, 0, 257, 0, 0, 0, 0, 0, 0, 0, 0, 38, 295
"/home/powbu/Documents/Uni/Bachelorarbeit/unbound/dynlibmod/dynlibmod.c", "C", 0, 261, 0, 0, 0, 0, 0, 0, 0, 0, 0, 0, 0, 0, 16, 31, 308
"/home/powbu/Documents/Uni/Bachelorarbeit/unbound/dynlibmod/dynlibmod.h", "C++", 0, 0, 0, 58, 0, 0, 0, 0, 0, 0, 0, 0, 0, 0, 61, 21, 140
"/home/powbu/Documents/Uni/Bachelorarbeit/unbound/dynlibmod/examples/helloworld.c", "C", 0, 88, 0, 0, 0, 0, 0, 0, 0, 0, 0, 0, 0, 0, 34, 11, 133
"/home/powbu/Documents/Uni/Bachelorarbeit/unbound/edns-subnet/addrtree.c", "C", 0, 373, 0, 0, 0, 0, 0, 0, 0, 0, 0, 0, 0, 0, 136, 29, 538
"/home/powbu/Documents/Uni/Bachelorarbeit/unbound/edns-subnet/addrtree.h", "C++", 0, 0, 0, 53, 0, 0, 0, 0, 0, 0, 0, 0, 0, 0, 127, 13, 193
"/home/powbu/Documents/Uni/Bachelorarbeit/unbound/edns-subnet/edns-subnet.c", "C", 0, 23, 0, 0, 0, 0, 0, 0, 0, 0, 0, 0, 0, 0, 38, 5, 66
"/home/powbu/Documents/Uni/Bachelorarbeit/unbound/edns-subnet/edns-subnet.h", "C++", 0, 0, 0, 15, 0, 0, 0, 0, 0, 0, 0, 0, 0, 0, 46, 7, 68
"/home/powbu/Documents/Uni/Bachelorarbeit/unbound/edns-subnet/subnet-whitelist.c", "C", 0, 147, 0, 0, 0, 0, 0, 0, 0, 0, 0, 0, 0, 0, 47, 14, 208
"/home/powbu/Documents/Uni/Bachelorarbeit/unbound/edns-subnet/subnet-whitelist.h", "C++", 0, 0, 0, 19, 0, 0, 0, 0, 0, 0, 0, 0, 0, 0, 83, 10, 112
"/home/powbu/Documents/Uni/Bachelorarbeit/unbound/edns-subnet/subnetmod.c", "C", 0, 762, 0, 0, 0, 0, 0, 0, 0, 0, 0, 0, 0, 0, 140, 82, 984
"/home/powbu/Documents/Uni/Bachelorarbeit/unbound/edns-subnet/subnetmod.h", "C++", 0, 0, 0, 62, 0, 0, 0, 0, 0, 0, 0, 0, 0, 0, 82, 20, 164
"/home/powbu/Documents/Uni/Bachelorarbeit/unbound/ipsecmod/ipsecmod-whitelist.c", "C", 0, 102, 0, 0, 0, 0, 0, 0, 0, 0, 0, 0, 0, 0, 45, 12, 159
"/home/powbu/Documents/Uni/Bachelorarbeit/unbound/ipsecmod/ipsecmod-whitelist.h", "C++", 0, 0, 0, 12, 0, 0, 0, 0, 0, 0, 0, 0, 0, 0, 63, 8, 83
"/home/powbu/Documents/Uni/Bachelorarbeit/unbound/ipsecmod/ipsecmod.c", "C", 0, 432, 0, 0, 0, 0, 0, 0, 0, 0, 0, 0, 0, 0, 168, 28, 628
"/home/powbu/Documents/Uni/Bachelorarbeit/unbound/ipsecmod/ipsecmod.h", "C++", 0, 0, 0, 23, 0, 0, 0, 0, 0, 0, 0, 0, 0, 0, 67, 8, 98
"/home/powbu/Documents/Uni/Bachelorarbeit/unbound/ipset/ipset.c", "C", 0, 296, 0, 0, 0, 0, 0, 0, 0, 0, 0, 0, 0, 0, 31, 60, 387
"/home/powbu/Documents/Uni/Bachelorarbeit/unbound/ipset/ipset.h", "C++", 0, 0, 0, 29, 0, 0, 0, 0, 0, 0, 0, 0, 0, 0, 39, 12, 80
"/home/powbu/Documents/Uni/Bachelorarbeit/unbound/iterator/iter_delegpt.c", "C", 0, 660, 0, 0, 0, 0, 0, 0, 0, 0, 0, 0, 0, 0, 63, 44, 767
"/home/powbu/Documents/Uni/Bachelorarbeit/unbound/iterator/iter_delegpt.h", "C++", 0, 0, 0, 107, 0, 0, 0, 0, 0, 0, 0, 0, 0, 0, 336, 43, 486
"/home/powbu/Documents/Uni/Bachelorarbeit/unbound/iterator/iter_donotq.c", "C", 0, 99, 0, 0, 0, 0, 0, 0, 0, 0, 0, 0, 0, 0, 45, 10, 154
"/home/powbu/Documents/Uni/Bachelorarbeit/unbound/iterator/iter_donotq.h", "C++", 0, 0, 0, 17, 0, 0, 0, 0, 0, 0, 0, 0, 0, 0, 75, 10, 102
"/home/powbu/Documents/Uni/Bachelorarbeit/unbound/iterator/iter_fwd.c", "C", 0, 421, 0, 0, 0, 0, 0, 0, 0, 0, 0, 0, 0, 0, 76, 29, 526
"/home/powbu/Documents/Uni/Bachelorarbeit/unbound/iterator/iter_fwd.h", "C++", 0, 0, 0, 36, 0, 0, 0, 0, 0, 0, 0, 0, 0, 0, 145, 19, 200
"/home/powbu/Documents/Uni/Bachelorarbeit/unbound/iterator/iter_hints.c", "C", 0, 455, 0, 0, 0, 0, 0, 0, 0, 0, 0, 0, 0, 0, 76, 32, 563
"/home/powbu/Documents/Uni/Bachelorarbeit/unbound/iterator/iter_hints.h", "C++", 0, 0, 0, 26, 0, 0, 0, 0, 0, 0, 0, 0, 0, 0, 121, 15, 162
"/home/powbu/Documents/Uni/Bachelorarbeit/unbound/iterator/iter_priv.c", "C", 0, 192, 0, 0, 0, 0, 0, 0, 0, 0, 0, 0, 0, 0, 65, 18, 275
"/home/powbu/Documents/Uni/Bachelorarbeit/unbound/iterator/iter_priv.h", "C++", 0, 0, 0, 20, 0, 0, 0, 0, 0, 0, 0, 0, 0, 0, 83, 10, 113
"/home/powbu/Documents/Uni/Bachelorarbeit/unbound/iterator/iter_resptype.c", "C", 0, 151, 0, 0, 0, 0, 0, 0, 0, 0, 0, 0, 0, 0, 135, 24, 310
"/home/powbu/Documents/Uni/Bachelorarbeit/unbound/iterator/iter_resptype.h", "C++", 0, 0, 0, 20, 0, 0, 0, 0, 0, 0, 0, 0, 0, 0, 97, 13, 130
"/home/powbu/Documents/Uni/Bachelorarbeit/unbound/iterator/iter_scrub.c", "C", 0, 673, 0, 0, 0, 0, 0, 0, 0, 0, 0, 0, 0, 0, 228, 54, 955
"/home/powbu/Documents/Uni/Bachelorarbeit/unbound/iterator/iter_scrub.h", "C++", 0, 0, 0, 14, 0, 0, 0, 0, 0, 0, 0, 0, 0, 0, 54, 5, 73
"/home/powbu/Documents/Uni/Bachelorarbeit/unbound/iterator/iter_utils.c", "C", 0, 1210, 0, 0, 0, 0, 0, 0, 0, 0, 0, 0, 0, 0, 240, 76, 1526
"/home/powbu/Documents/Uni/Bachelorarbeit/unbound/iterator/iter_utils.h", "C++", 0, 0, 0, 76, 0, 0, 0, 0, 0, 0, 0, 0, 0, 0, 317, 35, 428
"/home/powbu/Documents/Uni/Bachelorarbeit/unbound/iterator/iterator.c", "C", 0, 3113, 0, 0, 0, 0, 0, 0, 0, 0, 0, 0, 0, 0, 1081, 208, 4402
"/home/powbu/Documents/Uni/Bachelorarbeit/unbound/iterator/iterator.h", "C++", 0, 0, 0, 140, 0, 0, 0, 0, 0, 0, 0, 0, 0, 0, 315, 76, 531
"/home/powbu/Documents/Uni/Bachelorarbeit/unbound/libunbound/context.c", "C", 0, 341, 0, 0, 0, 0, 0, 0, 0, 0, 0, 0, 0, 0, 66, 20, 427
"/home/powbu/Documents/Uni/Bachelorarbeit/unbound/libunbound/context.h", "C++", 0, 0, 0, 87, 0, 0, 0, 0, 0, 0, 0, 0, 0, 0, 223, 31, 341
"/home/powbu/Documents/Uni/Bachelorarbeit/unbound/libunbound/libunbound.c", "C", 0, 1230, 0, 0, 0, 0, 0, 0, 0, 0, 0, 0, 0, 0, 137, 99, 1466
"/home/powbu/Documents/Uni/Bachelorarbeit/unbound/libunbound/libworker.c", "C", 0, 906, 0, 0, 0, 0, 0, 0, 0, 0, 0, 0, 0, 0, 103, 66, 1075
"/home/powbu/Documents/Uni/Bachelorarbeit/unbound/libunbound/libworker.h", "C++", 0, 0, 0, 42, 0, 0, 0, 0, 0, 0, 0, 0, 0, 0, 100, 13, 155
"/home/powbu/Documents/Uni/Bachelorarbeit/unbound/libunbound/python/Makefile", "Makefile", 0, 0, 0, 0, 0, 0, 0, 0, 0, 0, 0, 0, 24, 0, 39, 10, 73
"/home/powbu/Documents/Uni/Bachelorarbeit/unbound/libunbound/python/doc/conf.py", "Python", 24, 0, 0, 0, 0, 0, 0, 0, 0, 0, 0, 0, 0, 0, 113, 48, 185
"/home/powbu/Documents/Uni/Bachelorarbeit/unbound/libunbound/python/doc/examples/example1a.rst", "reStructuredText", 0, 0, 0, 0, 0, 23, 0, 0, 0, 0, 0, 0, 0, 0, 1, 10, 34
"/home/powbu/Documents/Uni/Bachelorarbeit/unbound/libunbound/python/doc/examples/example1b.rst", "reStructuredText", 0, 0, 0, 0, 0, 26, 0, 0, 0, 0, 0, 0, 0, 0, 1, 11, 38
"/home/powbu/Documents/Uni/Bachelorarbeit/unbound/libunbound/python/doc/examples/example2.rst", "reStructuredText", 0, 0, 0, 0, 0, 30, 0, 0, 0, 0, 0, 0, 0, 0, 1, 11, 42
"/home/powbu/Documents/Uni/Bachelorarbeit/unbound/libunbound/python/doc/examples/example3.rst", "reStructuredText", 0, 0, 0, 0, 0, 26, 0, 0, 0, 0, 0, 0, 0, 0, 1, 13, 40
"/home/powbu/Documents/Uni/Bachelorarbeit/unbound/libunbound/python/doc/examples/example4.rst", "reStructuredText", 0, 0, 0, 0, 0, 23, 0, 0, 0, 0, 0, 0, 0, 0, 2, 12, 37
"/home/powbu/Documents/Uni/Bachelorarbeit/unbound/libunbound/python/doc/examples/example5.rst", "reStructuredText", 0, 0, 0, 0, 0, 23, 0, 0, 0, 0, 0, 0, 0, 0, 2, 10, 35
"/home/powbu/Documents/Uni/Bachelorarbeit/unbound/libunbound/python/doc/examples/example6-1.py", "Python", 17, 0, 0, 0, 0, 0, 0, 0, 0, 0, 0, 0, 0, 0, 4, 7, 28
"/home/powbu/Documents/Uni/Bachelorarbeit/unbound/libunbound/python/doc/examples/example6.rst", "reStructuredText", 0, 0, 0, 0, 0, 7, 0, 0, 0, 0, 0, 0, 0, 0, 2, 5, 14
"/home/powbu/Documents/Uni/Bachelorarbeit/unbound/libunbound/python/doc/examples/example7-1.py", "Python", 9, 0, 0, 0, 0, 0, 0, 0, 0, 0, 0, 0, 0, 0, 5, 4, 18
"/home/powbu/Documents/Uni/Bachelorarbeit/unbound/libunbound/python/doc/examples/example7-2.py", "Python", 9, 0, 0, 0, 0, 0, 0, 0, 0, 0, 0, 0, 0, 0, 5, 3, 17
"/home/powbu/Documents/Uni/Bachelorarbeit/unbound/libunbound/python/doc/examples/example7.rst", "reStructuredText", 0, 0, 0, 0, 0, 17, 0, 0, 0, 0, 0, 0, 0, 0, 5, 12, 34
"/home/powbu/Documents/Uni/Bachelorarbeit/unbound/libunbound/python/doc/examples/example8-1.py", "Python", 21, 0, 0, 0, 0, 0, 0, 0, 0, 0, 0, 0, 0, 0, 5, 6, 32
"/home/powbu/Documents/Uni/Bachelorarbeit/unbound/libunbound/python/doc/examples/example8.rst", "reStructuredText", 0, 0, 0, 0, 0, 23, 0, 0, 0, 0, 0, 0, 0, 0, 2, 10, 35
"/home/powbu/Documents/Uni/Bachelorarbeit/unbound/libunbound/python/doc/examples/index.rst", "reStructuredText", 0, 0, 0, 0, 0, 11, 0, 0, 0, 0, 0, 0, 0, 0, 1, 5, 17
"/home/powbu/Documents/Uni/Bachelorarbeit/unbound/libunbound/python/doc/index.rst", "reStructuredText", 0, 0, 0, 0, 0, 18, 0, 0, 0, 0, 0, 0, 0, 0, 1, 9, 28
"/home/powbu/Documents/Uni/Bachelorarbeit/unbound/libunbound/python/doc/install.rst", "reStructuredText", 0, 0, 0, 0, 0, 26, 0, 0, 0, 0, 0, 0, 0, 0, 0, 13, 39
"/home/powbu/Documents/Uni/Bachelorarbeit/unbound/libunbound/python/doc/intro.rst", "reStructuredText", 0, 0, 0, 0, 0, 45, 0, 0, 0, 0, 0, 0, 0, 0, 2, 12, 59
"/home/powbu/Documents/Uni/Bachelorarbeit/unbound/libunbound/python/doc/modules/unbound.rst", "reStructuredText", 0, 0, 0, 0, 0, 119, 0, 0, 0, 0, 0, 0, 0, 0, 17, 32, 168
"/home/powbu/Documents/Uni/Bachelorarbeit/unbound/libunbound/python/examples/async-lookup.py", "Python", 43, 0, 0, 0, 0, 0, 0, 0, 0, 0, 0, 0, 0, 0, 1, 14, 58
"/home/powbu/Documents/Uni/Bachelorarbeit/unbound/libunbound/python/examples/dns-lookup.py", "Python", 35, 0, 0, 0, 0, 0, 0, 0, 0, 0, 0, 0, 0, 0, 1, 10, 46
"/home/powbu/Documents/Uni/Bachelorarbeit/unbound/libunbound/python/examples/dnssec-valid.py", "Python", 45, 0, 0, 0, 0, 0, 0, 0, 0, 0, 0, 0, 0, 0, 1, 15, 61
"/home/powbu/Documents/Uni/Bachelorarbeit/unbound/libunbound/python/examples/dnssec_test.py", "Python", 25, 0, 0, 0, 0, 0, 0, 0, 0, 0, 0, 0, 0, 0, 1, 12, 38
"/home/powbu/Documents/Uni/Bachelorarbeit/unbound/libunbound/python/examples/example8-1.py", "Python", 48, 0, 0, 0, 0, 0, 0, 0, 0, 0, 0, 0, 0, 0, 2, 13, 63
"/home/powbu/Documents/Uni/Bachelorarbeit/unbound/libunbound/python/examples/idn-lookup.py", "Python", 49, 0, 0, 0, 0, 0, 0, 0, 0, 0, 0, 0, 0, 0, 3, 12, 64
"/home/powbu/Documents/Uni/Bachelorarbeit/unbound/libunbound/python/examples/mx-lookup.py", "Python", 42, 0, 0, 0, 0, 0, 0, 0, 0, 0, 0, 0, 0, 0, 2, 11, 55
"/home/powbu/Documents/Uni/Bachelorarbeit/unbound/libunbound/python/examples/ns-lookup.py", "Python", 36, 0, 0, 0, 0, 0, 0, 0, 0, 0, 0, 0, 0, 0, 2, 11, 49
"/home/powbu/Documents/Uni/Bachelorarbeit/unbound/libunbound/python/examples/reverse-lookup.py", "Python", 33, 0, 0, 0, 0, 0, 0, 0, 0, 0, 0, 0, 0, 0, 1, 11, 45
"/home/powbu/Documents/Uni/Bachelorarbeit/unbound/libunbound/python/file_py3.i", "C", 0, 87, 0, 0, 0, 0, 0, 0, 0, 0, 0, 0, 0, 0, 54, 15, 156
"/home/powbu/Documents/Uni/Bachelorarbeit/unbound/libunbound/python/libunbound.i", "C", 0, 681, 0, 0, 0, 0, 0, 0, 0, 0, 0, 0, 0, 0, 124, 181, 986
"/home/powbu/Documents/Uni/Bachelorarbeit/unbound/libunbound/unbound-event.h", "C++", 0, 0, 0, 62, 0, 0, 0, 0, 0, 0, 0, 0, 0, 0, 186, 18, 266
"/home/powbu/Documents/Uni/Bachelorarbeit/unbound/libunbound/unbound.h", "C++", 0, 0, 0, 189, 0, 0, 0, 0, 0, 0, 0, 0, 0, 0, 625, 66, 880
"/home/powbu/Documents/Uni/Bachelorarbeit/unbound/libunbound/worker.h", "C++", 0, 0, 0, 48, 0, 0, 0, 0, 0, 0, 0, 0, 0, 0, 112, 24, 184
"/home/powbu/Documents/Uni/Bachelorarbeit/unbound/ltmain.sh", "Shell Script", 0, 0, 0, 0, 0, 0, 0, 0, 0, 7847, 0, 0, 0, 0, 2009, 1294, 11150
"/home/powbu/Documents/Uni/Bachelorarbeit/unbound/makedist.sh", "Shell Script", 0, 0, 0, 0, 0, 0, 0, 0, 0, 461, 0, 0, 0, 0, 77, 61, 599
"/home/powbu/Documents/Uni/Bachelorarbeit/unbound/pythonmod/Makefile", "Makefile", 0, 0, 0, 0, 0, 0, 0, 0, 0, 0, 0, 0, 16, 0, 33, 10, 59
"/home/powbu/Documents/Uni/Bachelorarbeit/unbound/pythonmod/doc/conf.py", "Python", 23, 0, 0, 0, 0, 0, 0, 0, 0, 0, 0, 0, 0, 0, 112, 48, 183
"/home/powbu/Documents/Uni/Bachelorarbeit/unbound/pythonmod/doc/examples/example0-1.py", "Python", 28, 0, 0, 0, 0, 0, 0, 0, 0, 0, 0, 0, 0, 0, 0, 10, 38
"/home/powbu/Documents/Uni/Bachelorarbeit/unbound/pythonmod/doc/examples/example0.rst", "reStructuredText", 0, 0, 0, 0, 0, 86, 0, 0, 0, 0, 0, 0, 0, 0, 7, 56, 149
"/home/powbu/Documents/Uni/Bachelorarbeit/unbound/pythonmod/doc/examples/example1.rst", "reStructuredText", 0, 0, 0, 0, 0, 34, 0, 0, 0, 0, 0, 0, 0, 0, 2, 11, 47
"/home/powbu/Documents/Uni/Bachelorarbeit/unbound/pythonmod/doc/examples/example2.rst", "reStructuredText", 0, 0, 0, 0, 0, 32, 0, 0, 0, 0, 0, 0, 0, 0, 2, 16, 50
"/home/powbu/Documents/Uni/Bachelorarbeit/unbound/pythonmod/doc/examples/example3.rst", "reStructuredText", 0, 0, 0, 0, 0, 43, 0, 0, 0, 0, 0, 0, 0, 0, 1, 20, 64
"/home/powbu/Documents/Uni/Bachelorarbeit/unbound/pythonmod/doc/examples/example4.rst", "reStructuredText", 0, 0, 0, 0, 0, 122, 0, 0, 0, 0, 0, 0, 0, 0, 3, 54, 179
"/home/powbu/Documents/Uni/Bachelorarbeit/unbound/pythonmod/doc/examples/example5.rst", "reStructuredText", 0, 0, 0, 0, 0, 122, 0, 0, 0, 0, 0, 0, 0, 0, 9, 61, 192
"/home/powbu/Documents/Uni/Bachelorarbeit/unbound/pythonmod/doc/examples/example6.rst", "reStructuredText", 0, 0, 0, 0, 0, 222, 0, 0, 0, 0, 0, 0, 0, 0, 17, 99, 338
"/home/powbu/Documents/Uni/Bachelorarbeit/unbound/pythonmod/doc/examples/index.rst", "reStructuredText", 0, 0, 0, 0, 0, 9, 0, 0, 0, 0, 0, 0, 0, 0, 2, 6, 17
"/home/powbu/Documents/Uni/Bachelorarbeit/unbound/pythonmod/doc/index.rst", "reStructuredText", 0, 0, 0, 0, 0, 25, 0, 0, 0, 0, 0, 0, 0, 0, 1, 9, 35
"/home/powbu/Documents/Uni/Bachelorarbeit/unbound/pythonmod/doc/install.rst", "reStructuredText", 0, 0, 0, 0, 0, 44, 0, 0, 0, 0, 0, 0, 0, 0, 1, 21, 66
"/home/powbu/Documents/Uni/Bachelorarbeit/unbound/pythonmod/doc/modules/config.rst", "reStructuredText", 0, 0, 0, 0, 0, 91, 0, 0, 0, 0, 0, 0, 0, 0, 83, 170, 344
"/home/powbu/Documents/Uni/Bachelorarbeit/unbound/pythonmod/doc/modules/env.rst", "reStructuredText", 0, 0, 0, 0, 0, 118, 0, 0, 0, 0, 0, 0, 0, 0, 109, 189, 416
"/home/powbu/Documents/Uni/Bachelorarbeit/unbound/pythonmod/doc/modules/functions.rst", "reStructuredText", 0, 0, 0, 0, 0, 138, 0, 0, 0, 0, 0, 0, 0, 0, 28, 90, 256
"/home/powbu/Documents/Uni/Bachelorarbeit/unbound/pythonmod/doc/modules/index.rst", "reStructuredText", 0, 0, 0, 0, 0, 7, 0, 0, 0, 0, 0, 0, 0, 0, 1, 4, 12
"/home/powbu/Documents/Uni/Bachelorarbeit/unbound/pythonmod/doc/modules/struct.rst", "reStructuredText", 0, 0, 0, 0, 0, 190, 0, 0, 0, 0, 0, 0, 0, 0, 107, 250, 547
"/home/powbu/Documents/Uni/Bachelorarbeit/unbound/pythonmod/doc/usecase.rst", "reStructuredText", 0, 0, 0, 0, 0, 27, 0, 0, 0, 0, 0, 0, 0, 0, 2, 10, 39
"/home/powbu/Documents/Uni/Bachelorarbeit/unbound/pythonmod/examples/avahi-resolver.py", "Python", 252, 0, 0, 0, 0, 0, 0, 0, 0, 0, 0, 0, 0, 0, 224, 94, 570
"/home/powbu/Documents/Uni/Bachelorarbeit/unbound/pythonmod/examples/calc.py", "Python", 55, 0, 0, 0, 0, 0, 0, 0, 0, 0, 0, 0, 0, 0, 8, 19, 82
"/home/powbu/Documents/Uni/Bachelorarbeit/unbound/pythonmod/examples/dict.py", "Python", 92, 0, 0, 0, 0, 0, 0, 0, 0, 0, 0, 0, 0, 0, 2, 28, 122
"/home/powbu/Documents/Uni/Bachelorarbeit/unbound/pythonmod/examples/edns.py", "Python", 100, 0, 0, 0, 0, 0, 0, 0, 0, 0, 0, 0, 0, 0, 65, 30, 195
"/home/powbu/Documents/Uni/Bachelorarbeit/unbound/pythonmod/examples/inplace_callbacks.py", "Python", 236, 0, 0, 0, 0, 0, 0, 0, 0, 0, 0, 0, 0, 0, 54, 71, 361
"/home/powbu/Documents/Uni/Bachelorarbeit/unbound/pythonmod/examples/log.py", "Python", 92, 0, 0, 0, 0, 0, 0, 0, 0, 0, 0, 0, 0, 0, 2, 26, 120
"/home/powbu/Documents/Uni/Bachelorarbeit/unbound/pythonmod/examples/resgen.py", "Python", 54, 0, 0, 0, 0, 0, 0, 0, 0, 0, 0, 0, 0, 0, 5, 15, 74
"/home/powbu/Documents/Uni/Bachelorarbeit/unbound/pythonmod/examples/resip.py", "Python", 63, 0, 0, 0, 0, 0, 0, 0, 0, 0, 0, 0, 0, 0, 12, 22, 97
"/home/powbu/Documents/Uni/Bachelorarbeit/unbound/pythonmod/examples/resmod.py", "Python", 58, 0, 0, 0, 0, 0, 0, 0, 0, 0, 0, 0, 0, 0, 10, 21, 89
"/home/powbu/Documents/Uni/Bachelorarbeit/unbound/pythonmod/interface.i", "C", 0, 1487, 0, 0, 0, 0, 0, 0, 0, 0, 0, 0, 0, 0, 143, 223, 1853
"/home/powbu/Documents/Uni/Bachelorarbeit/unbound/pythonmod/pythonmod.c", "C", 0, 567, 0, 0, 0, 0, 0, 0, 0, 0, 0, 0, 0, 0, 140, 81, 788
"/home/powbu/Documents/Uni/Bachelorarbeit/unbound/pythonmod/pythonmod.h", "C++", 0, 0, 0, 28, 0, 0, 0, 0, 0, 0, 0, 0, 0, 0, 53, 13, 94
"/home/powbu/Documents/Uni/Bachelorarbeit/unbound/pythonmod/pythonmod_utils.c", "C", 0, 118, 0, 0, 0, 0, 0, 0, 0, 0, 0, 0, 0, 0, 59, 25, 202
"/home/powbu/Documents/Uni/Bachelorarbeit/unbound/pythonmod/pythonmod_utils.h", "C++", 0, 0, 0, 14, 0, 0, 0, 0, 0, 0, 0, 0, 0, 0, 82, 9, 105
"/home/powbu/Documents/Uni/Bachelorarbeit/unbound/pythonmod/test-calc.conf", "Properties", 0, 0, 13, 0, 0, 0, 0, 0, 0, 0, 0, 0, 0, 0, 3, 3, 19
"/home/powbu/Documents/Uni/Bachelorarbeit/unbound/pythonmod/test-dict.conf", "Properties", 0, 0, 13, 0, 0, 0, 0, 0, 0, 0, 0, 0, 0, 0, 3, 3, 19
"/home/powbu/Documents/Uni/Bachelorarbeit/unbound/pythonmod/test-edns.conf", "Properties", 0, 0, 13, 0, 0, 0, 0, 0, 0, 0, 0, 0, 0, 0, 3, 2, 18
"/home/powbu/Documents/Uni/Bachelorarbeit/unbound/pythonmod/test-inplace_callbacks.conf", "Properties", 0, 0, 13, 0, 0, 0, 0, 0, 0, 0, 0, 0, 0, 0, 3, 2, 18
"/home/powbu/Documents/Uni/Bachelorarbeit/unbound/pythonmod/test-log.conf", "Properties", 0, 0, 13, 0, 0, 0, 0, 0, 0, 0, 0, 0, 0, 0, 3, 2, 18
"/home/powbu/Documents/Uni/Bachelorarbeit/unbound/pythonmod/test-resgen.conf", "Properties", 0, 0, 13, 0, 0, 0, 0, 0, 0, 0, 0, 0, 0, 0, 3, 3, 19
"/home/powbu/Documents/Uni/Bachelorarbeit/unbound/pythonmod/test-resip.conf", "Properties", 0, 0, 11, 0, 0, 0, 0, 0, 0, 0, 0, 0, 0, 0, 5, 3, 19
"/home/powbu/Documents/Uni/Bachelorarbeit/unbound/pythonmod/test-resmod.conf", "Properties", 0, 0, 13, 0, 0, 0, 0, 0, 0, 0, 0, 0, 0, 0, 4, 3, 20
"/home/powbu/Documents/Uni/Bachelorarbeit/unbound/pythonmod/ubmodule-msg.py", "Python", 114, 0, 0, 0, 0, 0, 0, 0, 0, 0, 0, 0, 0, 0, 12, 31, 157
"/home/powbu/Documents/Uni/Bachelorarbeit/unbound/pythonmod/ubmodule-tst.py", "Python", 113, 0, 0, 0, 0, 0, 0, 0, 0, 0, 0, 0, 0, 0, 12, 28, 153
"/home/powbu/Documents/Uni/Bachelorarbeit/unbound/respip/respip.c", "C", 0, 1021, 0, 0, 0, 0, 0, 0, 0, 0, 0, 0, 0, 0, 207, 101, 1329
"/home/powbu/Documents/Uni/Bachelorarbeit/unbound/respip/respip.h", "C++", 0, 0, 0, 88, 0, 0, 0, 0, 0, 0, 0, 0, 0, 0, 182, 36, 306
"/home/powbu/Documents/Uni/Bachelorarbeit/unbound/services/authzone.c", "C", 0, 6841, 0, 0, 0, 0, 0, 0, 0, 0, 0, 0, 0, 0, 1229, 467, 8537
"/home/powbu/Documents/Uni/Bachelorarbeit/unbound/services/authzone.h", "C++", 0, 0, 0, 239, 0, 0, 0, 0, 0, 0, 0, 0, 0, 0, 475, 77, 791
"/home/powbu/Documents/Uni/Bachelorarbeit/unbound/services/cache/dns.c", "C", 0, 861, 0, 0, 0, 0, 0, 0, 0, 0, 0, 0, 0, 0, 214, 52, 1127
"/home/powbu/Documents/Uni/Bachelorarbeit/unbound/services/cache/dns.h", "C++", 0, 0, 0, 48, 0, 0, 0, 0, 0, 0, 0, 0, 0, 0, 204, 19, 271
"/home/powbu/Documents/Uni/Bachelorarbeit/unbound/services/cache/infra.c", "C", 0, 916, 0, 0, 0, 0, 0, 0, 0, 0, 0, 0, 0, 0, 138, 73, 1127
"/home/powbu/Documents/Uni/Bachelorarbeit/unbound/services/cache/infra.h", "C++", 0, 0, 0, 122, 0, 0, 0, 0, 0, 0, 0, 0, 0, 0, 306, 50, 478
"/home/powbu/Documents/Uni/Bachelorarbeit/unbound/services/cache/rrset.c", "C", 0, 324, 0, 0, 0, 0, 0, 0, 0, 0, 0, 0, 0, 0, 104, 28, 456
"/home/powbu/Documents/Uni/Bachelorarbeit/unbound/services/cache/rrset.h", "C++", 0, 0, 0, 39, 0, 0, 0, 0, 0, 0, 0, 0, 0, 0, 192, 19, 250
"/home/powbu/Documents/Uni/Bachelorarbeit/unbound/services/listen_dnsport.c", "C", 0, 2614, 0, 0, 0, 0, 0, 0, 0, 0, 0, 0, 0, 0, 361, 171, 3146
"/home/powbu/Documents/Uni/Bachelorarbeit/unbound/services/listen_dnsport.h", "C++", 0, 0, 0, 121, 0, 0, 0, 0, 0, 0, 0, 0, 0, 0, 297, 43, 461
"/home/powbu/Documents/Uni/Bachelorarbeit/unbound/services/localzone.c", "C", 0, 1838, 0, 0, 0, 0, 0, 0, 0, 0, 0, 0, 0, 0, 245, 121, 2204
"/home/powbu/Documents/Uni/Bachelorarbeit/unbound/services/localzone.h", "C++", 0, 0, 0, 164, 0, 0, 0, 0, 0, 0, 0, 0, 0, 0, 435, 46, 645
"/home/powbu/Documents/Uni/Bachelorarbeit/unbound/services/mesh.c", "C", 0, 1808, 0, 0, 0, 0, 0, 0, 0, 0, 0, 0, 0, 0, 319, 120, 2247
"/home/powbu/Documents/Uni/Bachelorarbeit/unbound/services/mesh.h", "C++", 0, 0, 0, 157, 0, 0, 0, 0, 0, 0, 0, 0, 0, 0, 476, 61, 694
"/home/powbu/Documents/Uni/Bachelorarbeit/unbound/services/modstack.c", "C", 0, 223, 0, 0, 0, 0, 0, 0, 0, 0, 0, 0, 0, 0, 48, 14, 285
"/home/powbu/Documents/Uni/Bachelorarbeit/unbound/services/modstack.h", "C++", 0, 0, 0, 18, 0, 0, 0, 0, 0, 0, 0, 0, 0, 0, 86, 13, 117
"/home/powbu/Documents/Uni/Bachelorarbeit/unbound/services/outbound_list.c", "C", 0, 42, 0, 0, 0, 0, 0, 0, 0, 0, 0, 0, 0, 0, 42, 6, 90
"/home/powbu/Documents/Uni/Bachelorarbeit/unbound/services/outbound_list.h", "C++", 0, 0, 0, 21, 0, 0, 0, 0, 0, 0, 0, 0, 0, 0, 76, 9, 106
"/home/powbu/Documents/Uni/Bachelorarbeit/unbound/services/outside_network.c", "C", 0, 3243, 0, 0, 0, 0, 0, 0, 0, 0, 0, 0, 0, 0, 521, 168, 3932
"/home/powbu/Documents/Uni/Bachelorarbeit/unbound/services/outside_network.h", "C++", 0, 0, 0, 283, 0, 0, 0, 0, 0, 0, 0, 0, 0, 0, 502, 69, 854
"/home/powbu/Documents/Uni/Bachelorarbeit/unbound/services/rpz.c", "C", 0, 2177, 0, 0, 0, 0, 0, 0, 0, 0, 0, 0, 0, 0, 196, 223, 2596
"/home/powbu/Documents/Uni/Bachelorarbeit/unbound/services/rpz.h", "C++", 0, 0, 0, 85, 0, 0, 0, 0, 0, 0, 0, 0, 0, 0, 156, 24, 265
"/home/powbu/Documents/Uni/Bachelorarbeit/unbound/services/view.c", "C", 0, 175, 0, 0, 0, 0, 0, 0, 0, 0, 0, 0, 0, 0, 60, 15, 250
"/home/powbu/Documents/Uni/Bachelorarbeit/unbound/services/view.h", "C++", 0, 0, 0, 28, 0, 0, 0, 0, 0, 0, 0, 0, 0, 0, 95, 15, 138
"/home/powbu/Documents/Uni/Bachelorarbeit/unbound/sldns/keyraw.c", "C", 0, 620, 0, 0, 0, 0, 0, 0, 0, 0, 0, 0, 0, 0, 44, 54, 718
"/home/powbu/Documents/Uni/Bachelorarbeit/unbound/sldns/keyraw.h", "C++", 0, 0, 0, 34, 0, 0, 0, 0, 0, 0, 0, 0, 0, 0, 97, 20, 151
"/home/powbu/Documents/Uni/Bachelorarbeit/unbound/sldns/parse.c", "C", 0, 407, 0, 0, 0, 0, 0, 0, 0, 0, 0, 0, 0, 0, 65, 52, 524
"/home/powbu/Documents/Uni/Bachelorarbeit/unbound/sldns/parse.h", "C++", 0, 0, 0, 33, 0, 0, 0, 0, 0, 0, 0, 0, 0, 0, 127, 22, 182
"/home/powbu/Documents/Uni/Bachelorarbeit/unbound/sldns/parseutil.c", "C", 0, 630, 0, 0, 0, 0, 0, 0, 0, 0, 0, 0, 0, 0, 109, 103, 842
"/home/powbu/Documents/Uni/Bachelorarbeit/unbound/sldns/parseutil.h", "C++", 0, 0, 0, 39, 0, 0, 0, 0, 0, 0, 0, 0, 0, 0, 95, 21, 155
"/home/powbu/Documents/Uni/Bachelorarbeit/unbound/sldns/pkthdr.h", "C++", 0, 0, 0, 105, 0, 0, 0, 0, 0, 0, 0, 0, 0, 0, 33, 25, 163
"/home/powbu/Documents/Uni/Bachelorarbeit/unbound/sldns/rrdef.c", "C", 0, 596, 0, 0, 0, 0, 0, 0, 0, 0, 0, 0, 0, 0, 134, 31, 761
"/home/powbu/Documents/Uni/Bachelorarbeit/unbound/sldns/rrdef.h", "C++", 0, 0, 0, 304, 0, 0, 0, 0, 0, 0, 0, 0, 0, 0, 214, 50, 568
"/home/powbu/Documents/Uni/Bachelorarbeit/unbound/sldns/sbuffer.c", "C", 0, 124, 0, 0, 0, 0, 0, 0, 0, 0, 0, 0, 0, 0, 13, 24, 161
"/home/powbu/Documents/Uni/Bachelorarbeit/unbound/sldns/sbuffer.h", "C++", 0, 0, 0, 346, 0, 0, 0, 0, 0, 0, 0, 0, 0, 0, 330, 75, 751
"/home/powbu/Documents/Uni/Bachelorarbeit/unbound/sldns/str2wire.c", "C", 0, 2322, 0, 0, 0, 0, 0, 0, 0, 0, 0, 0, 0, 0, 257, 287, 2866
"/home/powbu/Documents/Uni/Bachelorarbeit/unbound/sldns/str2wire.h", "C++", 0, 0, 0, 138, 0, 0, 0, 0, 0, 0, 0, 0, 0, 0, 401, 62, 601
"/home/powbu/Documents/Uni/Bachelorarbeit/unbound/sldns/wire2str.c", "C", 0, 2130, 0, 0, 0, 0, 0, 0, 0, 0, 0, 0, 0, 0, 121, 206, 2457
"/home/powbu/Documents/Uni/Bachelorarbeit/unbound/sldns/wire2str.h", "C++", 0, 0, 0, 167, 0, 0, 0, 0, 0, 0, 0, 0, 0, 0, 812, 88, 1067
"/home/powbu/Documents/Uni/Bachelorarbeit/unbound/smallapp/unbound-anchor.c", "C", 0, 1868, 0, 0, 0, 0, 0, 0, 0, 0, 0, 0, 0, 0, 416, 127, 2411
"/home/powbu/Documents/Uni/Bachelorarbeit/unbound/smallapp/unbound-checkconf.c", "C", 0, 912, 0, 0, 0, 0, 0, 0, 0, 0, 0, 0, 0, 0, 96, 44, 1052
"/home/powbu/Documents/Uni/Bachelorarbeit/unbound/smallapp/unbound-control.c", "C", 0, 883, 0, 0, 0, 0, 0, 0, 0, 0, 0, 0, 0, 0, 102, 58, 1043
"/home/powbu/Documents/Uni/Bachelorarbeit/unbound/smallapp/unbound-host.c", "C", 0, 435, 0, 0, 0, 0, 0, 0, 0, 0, 0, 0, 0, 0, 72, 28, 535
"/home/powbu/Documents/Uni/Bachelorarbeit/unbound/smallapp/worker_cb.c", "C", 0, 184, 0, 0, 0, 0, 0, 0, 0, 0, 0, 0, 0, 0, 44, 30, 258
"/home/powbu/Documents/Uni/Bachelorarbeit/unbound/testcode/asynclook.c", "C", 0, 442, 0, 0, 0, 0, 0, 0, 0, 0, 0, 0, 0, 0, 94, 31, 567
"/home/powbu/Documents/Uni/Bachelorarbeit/unbound/testcode/checklocks.c", "C", 0, 648, 0, 0, 0, 0, 0, 0, 0, 0, 0, 0, 0, 0, 158, 57, 863
"/home/powbu/Documents/Uni/Bachelorarbeit/unbound/testcode/checklocks.h", "C++", 0, 0, 0, 100, 0, 0, 0, 0, 0, 0, 0, 0, 0, 0, 214, 30, 344
"/home/powbu/Documents/Uni/Bachelorarbeit/unbound/testcode/delayer.c", "C", 0, 900, 0, 0, 0, 0, 0, 0, 0, 0, 0, 0, 0, 0, 168, 53, 1121
"/home/powbu/Documents/Uni/Bachelorarbeit/unbound/testcode/do-tests.sh", "Shell Script", 0, 0, 0, 0, 0, 0, 0, 0, 0, 62, 0, 0, 0, 0, 5, 8, 75
"/home/powbu/Documents/Uni/Bachelorarbeit/unbound/testcode/dohclient.c", "C", 0, 565, 0, 0, 0, 0, 0, 0, 0, 0, 0, 0, 0, 0, 46, 57, 668
"/home/powbu/Documents/Uni/Bachelorarbeit/unbound/testcode/fake_event.c", "C", 0, 1601, 0, 0, 0, 0, 0, 0, 0, 0, 0, 0, 0, 0, 174, 135, 1910
"/home/powbu/Documents/Uni/Bachelorarbeit/unbound/testcode/fake_event.h", "C++", 0, 0, 0, 7, 0, 0, 0, 0, 0, 0, 0, 0, 0, 0, 62, 7, 76
"/home/powbu/Documents/Uni/Bachelorarbeit/unbound/testcode/lock_verify.c", "C", 0, 324, 0, 0, 0, 0, 0, 0, 0, 0, 0, 0, 0, 0, 107, 31, 462
"/home/powbu/Documents/Uni/Bachelorarbeit/unbound/testcode/memstats.c", "C", 0, 177, 0, 0, 0, 0, 0, 0, 0, 0, 0, 0, 0, 0, 66, 14, 257
"/home/powbu/Documents/Uni/Bachelorarbeit/unbound/testcode/mini_tdir.sh", "Shell Script", 0, 0, 0, 0, 0, 0, 0, 0, 0, 195, 0, 0, 0, 0, 16, 11, 222
"/home/powbu/Documents/Uni/Bachelorarbeit/unbound/testcode/perf.c", "C", 0, 493, 0, 0, 0, 0, 0, 0, 0, 0, 0, 0, 0, 0, 108, 47, 648
"/home/powbu/Documents/Uni/Bachelorarbeit/unbound/testcode/petal.c", "C", 0, 569, 0, 0, 0, 0, 0, 0, 0, 0, 0, 0, 0, 0, 92, 33, 694
"/home/powbu/Documents/Uni/Bachelorarbeit/unbound/testcode/pktview.c", "C", 0, 143, 0, 0, 0, 0, 0, 0, 0, 0, 0, 0, 0, 0, 46, 14, 203
"/home/powbu/Documents/Uni/Bachelorarbeit/unbound/testcode/readhex.c", "C", 0, 40, 0, 0, 0, 0, 0, 0, 0, 0, 0, 0, 0, 0, 42, 4, 86
"/home/powbu/Documents/Uni/Bachelorarbeit/unbound/testcode/readhex.h", "C++", 0, 0, 0, 5, 0, 0, 0, 0, 0, 0, 0, 0, 0, 0, 44, 4, 53
"/home/powbu/Documents/Uni/Bachelorarbeit/unbound/testcode/readzone.c", "C", 0, 108, 0, 0, 0, 0, 0, 0, 0, 0, 0, 0, 0, 0, 39, 12, 159
"/home/powbu/Documents/Uni/Bachelorarbeit/unbound/testcode/replay.c", "C", 0, 853, 0, 0, 0, 0, 0, 0, 0, 0, 0, 0, 0, 0, 112, 75, 1040
"/home/powbu/Documents/Uni/Bachelorarbeit/unbound/testcode/replay.h", "C++", 0, 0, 0, 126, 0, 0, 0, 0, 0, 0, 0, 0, 0, 0, 306, 46, 478
"/home/powbu/Documents/Uni/Bachelorarbeit/unbound/testcode/run_vm.sh", "Shell Script", 0, 0, 0, 0, 0, 0, 0, 0, 0, 71, 0, 0, 0, 0, 9, 4, 84
"/home/powbu/Documents/Uni/Bachelorarbeit/unbound/testcode/signit.c", "C", 0, 204, 0, 0, 0, 0, 0, 0, 0, 0, 0, 0, 0, 0, 59, 22, 285
"/home/powbu/Documents/Uni/Bachelorarbeit/unbound/testcode/streamtcp.c", "C", 0, 561, 0, 0, 0, 0, 0, 0, 0, 0, 0, 0, 0, 0, 74, 31, 666
"/home/powbu/Documents/Uni/Bachelorarbeit/unbound/testcode/testbound.c", "C", 0, 477, 0, 0, 0, 0, 0, 0, 0, 0, 0, 0, 0, 0, 99, 42, 618
"/home/powbu/Documents/Uni/Bachelorarbeit/unbound/testcode/testpkts.c", "C", 0, 1582, 0, 0, 0, 0, 0, 0, 0, 0, 0, 0, 0, 0, 197, 101, 1880
"/home/powbu/Documents/Uni/Bachelorarbeit/unbound/testcode/testpkts.h", "C++", 0, 0, 0, 59, 0, 0, 0, 0, 0, 0, 0, 0, 0, 0, 252, 19, 330
"/home/powbu/Documents/Uni/Bachelorarbeit/unbound/testcode/unitanchor.c", "C", 0, 82, 0, 0, 0, 0, 0, 0, 0, 0, 0, 0, 0, 0, 42, 14, 138
"/home/powbu/Documents/Uni/Bachelorarbeit/unbound/testcode/unitauth.c", "C", 0, 846, 0, 0, 0, 0, 0, 0, 0, 0, 0, 0, 0, 0, 97, 96, 1039
"/home/powbu/Documents/Uni/Bachelorarbeit/unbound/testcode/unitdname.c", "C", 0, 753, 0, 0, 0, 0, 0, 0, 0, 0, 0, 0, 0, 0, 88, 50, 891
"/home/powbu/Documents/Uni/Bachelorarbeit/unbound/testcode/unitecs.c", "C", 0, 178, 0, 0, 0, 0, 0, 0, 0, 0, 0, 0, 0, 0, 83, 24, 285
"/home/powbu/Documents/Uni/Bachelorarbeit/unbound/testcode/unitldns.c", "C", 0, 188, 0, 0, 0, 0, 0, 0, 0, 0, 0, 0, 0, 0, 69, 24, 281
"/home/powbu/Documents/Uni/Bachelorarbeit/unbound/testcode/unitlruhash.c", "C", 0, 360, 0, 0, 0, 0, 0, 0, 0, 0, 0, 0, 0, 0, 94, 46, 500
"/home/powbu/Documents/Uni/Bachelorarbeit/unbound/testcode/unitmain.c", "C", 0, 1145, 0, 0, 0, 0, 0, 0, 0, 0, 0, 0, 0, 0, 139, 84, 1368
"/home/powbu/Documents/Uni/Bachelorarbeit/unbound/testcode/unitmain.h", "C++", 0, 0, 0, 27, 0, 0, 0, 0, 0, 0, 0, 0, 0, 0, 56, 6, 89
"/home/powbu/Documents/Uni/Bachelorarbeit/unbound/testcode/unitmsgparse.c", "C", 0, 435, 0, 0, 0, 0, 0, 0, 0, 0, 0, 0, 0, 0, 79, 34, 548
"/home/powbu/Documents/Uni/Bachelorarbeit/unbound/testcode/unitneg.c", "C", 0, 423, 0, 0, 0, 0, 0, 0, 0, 0, 0, 0, 0, 0, 80, 43, 546
"/home/powbu/Documents/Uni/Bachelorarbeit/unbound/testcode/unitregional.c", "C", 0, 161, 0, 0, 0, 0, 0, 0, 0, 0, 0, 0, 0, 0, 62, 26, 249
"/home/powbu/Documents/Uni/Bachelorarbeit/unbound/testcode/unitslabhash.c", "C", 0, 277, 0, 0, 0, 0, 0, 0, 0, 0, 0, 0, 0, 0, 72, 28, 377
"/home/powbu/Documents/Uni/Bachelorarbeit/unbound/testcode/unittcpreuse.c", "C", 0, 378, 0, 0, 0, 0, 0, 0, 0, 0, 0, 0, 0, 0, 78, 34, 490
"/home/powbu/Documents/Uni/Bachelorarbeit/unbound/testcode/unitverify.c", "C", 0, 433, 0, 0, 0, 0, 0, 0, 0, 0, 0, 0, 0, 0, 91, 43, 567
"/home/powbu/Documents/Uni/Bachelorarbeit/unbound/testcode/unitzonemd.c", "C", 0, 391, 0, 0, 0, 0, 0, 0, 0, 0, 0, 0, 0, 0, 105, 42, 538
"/home/powbu/Documents/Uni/Bachelorarbeit/unbound/testdata/09-unbound-control.tdir/09-unbound-control.conf", "Properties", 0, 0, 26, 0, 0, 0, 0, 0, 0, 0, 0, 0, 0, 0, 1, 1, 28
"/home/powbu/Documents/Uni/Bachelorarbeit/unbound/testdata/10-unbound-anchor.tdir/10-unbound-anchor.conf", "Properties", 0, 0, 6, 0, 0, 0, 0, 0, 0, 0, 0, 0, 0, 0, 1, 2, 9
"/home/powbu/Documents/Uni/Bachelorarbeit/unbound/testdata/10-unbound-anchor.tdir/127.0.0.1/bad.xml", "XML", 0, 0, 0, 0, 0, 0, 0, 0, 0, 0, 0, 10, 0, 0, 0, 1, 11
"/home/powbu/Documents/Uni/Bachelorarbeit/unbound/testdata/10-unbound-anchor.tdir/127.0.0.1/no_more_keys.xml", "XML", 0, 0, 0, 0, 0, 0, 0, 0, 0, 0, 0, 16, 0, 0, 0, 1, 17
"/home/powbu/Documents/Uni/Bachelorarbeit/unbound/testdata/10-unbound-anchor.tdir/127.0.0.1/root.xml", "XML", 0, 0, 0, 0, 0, 0, 0, 0, 0, 0, 0, 10, 0, 0, 0, 1, 11
"/home/powbu/Documents/Uni/Bachelorarbeit/unbound/testdata/acl_interface.tdir/acl_interface.conf", "Properties", 0, 0, 115, 0, 0, 0, 0, 0, 0, 0, 0, 0, 0, 0, 9, 17, 141
"/home/powbu/Documents/Uni/Bachelorarbeit/unbound/testdata/auth_axfr.tdir/auth_axfr.conf", "Properties", 0, 0, 16, 0, 0, 0, 0, 0, 0, 0, 0, 0, 0, 0, 1, 2, 19
"/home/powbu/Documents/Uni/Bachelorarbeit/unbound/testdata/auth_https.tdir/auth_https.conf", "Properties", 0, 0, 16, 0, 0, 0, 0, 0, 0, 0, 0, 0, 0, 0, 1, 2, 19
"/home/powbu/Documents/Uni/Bachelorarbeit/unbound/testdata/blanks_cached_zone.tdir/blanks_cached_zone.conf", "Properties", 0, 0, 18, 0, 0, 0, 0, 0, 0, 0, 0, 0, 0, 0, 1, 2, 21
"/home/powbu/Documents/Uni/Bachelorarbeit/unbound/testdata/blanks_https.tdir/blanks_https.conf", "Properties", 0, 0, 16, 0, 0, 0, 0, 0, 0, 0, 0, 0, 0, 0, 1, 2, 19
"/home/powbu/Documents/Uni/Bachelorarbeit/unbound/testdata/cachedb_no_store.tdir/cachedb_no_store.conf", "Properties", 0, 0, 25, 0, 0, 0, 0, 0, 0, 0, 0, 0, 0, 0, 0, 5, 30
"/home/powbu/Documents/Uni/Bachelorarbeit/unbound/testdata/common.sh", "Shell Script", 0, 0, 0, 0, 0, 0, 0, 0, 0, 253, 0, 0, 0, 0, 109, 29, 391
"/home/powbu/Documents/Uni/Bachelorarbeit/unbound/testdata/ctrl_itr.tdir/ctrl_itr.conf", "Properties", 0, 0, 22, 0, 0, 0, 0, 0, 0, 0, 0, 0, 0, 0, 3, 2, 27
"/home/powbu/Documents/Uni/Bachelorarbeit/unbound/testdata/ctrl_pipe.tdir/ctrl_pipe.conf", "Properties", 0, 0, 17, 0, 0, 0, 0, 0, 0, 0, 0, 0, 0, 0, 5, 2, 24
"/home/powbu/Documents/Uni/Bachelorarbeit/unbound/testdata/dnscrypt_cert.tdir/dnscrypt_cert.conf", "Properties", 0, 0, 22, 0, 0, 0, 0, 0, 0, 0, 0, 0, 0, 0, 1, 4, 27
"/home/powbu/Documents/Uni/Bachelorarbeit/unbound/testdata/dnscrypt_cert_chacha.tdir/dnscrypt_cert_chacha.conf", "Properties", 0, 0, 23, 0, 0, 0, 0, 0, 0, 0, 0, 0, 0, 0, 1, 4, 28
"/home/powbu/Documents/Uni/Bachelorarbeit/unbound/testdata/dnstap.tdir/dnstap.conf", "Properties", 0, 0, 36, 0, 0, 0, 0, 0, 0, 0, 0, 0, 0, 0, 3, 2, 41
"/home/powbu/Documents/Uni/Bachelorarbeit/unbound/testdata/dnstap_reconnect.tdir/dnstap_reconnect.conf", "Properties", 0, 0, 36, 0, 0, 0, 0, 0, 0, 0, 0, 0, 0, 0, 3, 2, 41
"/home/powbu/Documents/Uni/Bachelorarbeit/unbound/testdata/dnstap_tcp.tdir/dnstap_tcp.conf", "Properties", 0, 0, 38, 0, 0, 0, 0, 0, 0, 0, 0, 0, 0, 0, 3, 2, 43
"/home/powbu/Documents/Uni/Bachelorarbeit/unbound/testdata/dnstap_tls.tdir/dnstap_tls.conf", "Properties", 0, 0, 38, 0, 0, 0, 0, 0, 0, 0, 0, 0, 0, 0, 3, 2, 43
"/home/powbu/Documents/Uni/Bachelorarbeit/unbound/testdata/dnstap_tls_badcert.tdir/dnstap_tls_badcert.conf", "Properties", 0, 0, 40, 0, 0, 0, 0, 0, 0, 0, 0, 0, 0, 0, 7, 2, 49
"/home/powbu/Documents/Uni/Bachelorarbeit/unbound/testdata/dnstap_tls_badname.tdir/dnstap_tls_badname.conf", "Properties", 0, 0, 40, 0, 0, 0, 0, 0, 0, 0, 0, 0, 0, 0, 5, 2, 47
"/home/powbu/Documents/Uni/Bachelorarbeit/unbound/testdata/dnstap_tls_clientauth.tdir/dnstap_tls_clientauth.conf", "Properties", 0, 0, 42, 0, 0, 0, 0, 0, 0, 0, 0, 0, 0, 0, 3, 2, 47
"/home/powbu/Documents/Uni/Bachelorarbeit/unbound/testdata/dnstap_tls_peername.tdir/dnstap_tls_peername.conf", "Properties", 0, 0, 40, 0, 0, 0, 0, 0, 0, 0, 0, 0, 0, 0, 3, 2, 45
"/home/powbu/Documents/Uni/Bachelorarbeit/unbound/testdata/doh_downstream.tdir/doh_downstream.conf", "Properties", 0, 0, 24, 0, 0, 0, 0, 0, 0, 0, 0, 0, 0, 0, 1, 3, 28
"/home/powbu/Documents/Uni/Bachelorarbeit/unbound/testdata/doh_downstream_buffer_size.tdir/doh_downstream_buffer_size.conf", "Properties", 0, 0, 15, 0, 0, 0, 0, 0, 0, 0, 0, 0, 0, 0, 1, 2, 18
"/home/powbu/Documents/Uni/Bachelorarbeit/unbound/testdata/doh_downstream_endpoint.tdir/doh_downstream_endpoint.conf", "Properties", 0, 0, 15, 0, 0, 0, 0, 0, 0, 0, 0, 0, 0, 0, 1, 2, 18
"/home/powbu/Documents/Uni/Bachelorarbeit/unbound/testdata/doh_downstream_notls.tdir/doh_downstream_notls.conf", "Properties", 0, 0, 25, 0, 0, 0, 0, 0, 0, 0, 0, 0, 0, 0, 1, 3, 29
"/home/powbu/Documents/Uni/Bachelorarbeit/unbound/testdata/doh_downstream_post.tdir/doh_downstream_post.conf", "Properties", 0, 0, 24, 0, 0, 0, 0, 0, 0, 0, 0, 0, 0, 0, 1, 3, 28
"/home/powbu/Documents/Uni/Bachelorarbeit/unbound/testdata/dynlibmod.tdir/dynlibmod.conf", "Properties", 0, 0, 28, 0, 0, 0, 0, 0, 0, 0, 0, 0, 0, 0, 1, 4, 33
"/home/powbu/Documents/Uni/Bachelorarbeit/unbound/testdata/ede.tdir/bogus/make-broken-zone.sh", "Shell Script", 0, 0, 0, 0, 0, 0, 0, 0, 0, 44, 0, 0, 0, 0, 13, 19, 76
"/home/powbu/Documents/Uni/Bachelorarbeit/unbound/testdata/ede.tdir/ede-auth.conf", "Properties", 0, 0, 22, 0, 0, 0, 0, 0, 0, 0, 0, 0, 0, 0, 0, 6, 28
"/home/powbu/Documents/Uni/Bachelorarbeit/unbound/testdata/ede.tdir/ede.conf", "Properties", 0, 0, 38, 0, 0, 0, 0, 0, 0, 0, 0, 0, 0, 0, 0, 13, 51
"/home/powbu/Documents/Uni/Bachelorarbeit/unbound/testdata/edns_cache.tdir/edns_cache.conf", "Properties", 0, 0, 16, 0, 0, 0, 0, 0, 0, 0, 0, 0, 0, 0, 2, 1, 19
"/home/powbu/Documents/Uni/Bachelorarbeit/unbound/testdata/fwd_ancil.tdir/fwd_ancil.conf", "Properties", 0, 0, 15, 0, 0, 0, 0, 0, 0, 0, 0, 0, 0, 0, 1, 2, 18
"/home/powbu/Documents/Uni/Bachelorarbeit/unbound/testdata/fwd_bogus.tdir/fwd_bogus.conf", "Properties", 0, 0, 23, 0, 0, 0, 0, 0, 0, 0, 0, 0, 0, 0, 2, 2, 27
"/home/powbu/Documents/Uni/Bachelorarbeit/unbound/testdata/fwd_capsid.tdir/fwd_capsid.conf", "Properties", 0, 0, 14, 0, 0, 0, 0, 0, 0, 0, 0, 0, 0, 0, 1, 2, 17
"/home/powbu/Documents/Uni/Bachelorarbeit/unbound/testdata/fwd_capsid_fallback.tdir/fwd_capsid_fallback.conf", "Properties", 0, 0, 14, 0, 0, 0, 0, 0, 0, 0, 0, 0, 0, 0, 1, 2, 17
"/home/powbu/Documents/Uni/Bachelorarbeit/unbound/testdata/fwd_capsid_strip.tdir/fwd_capsid_strip.conf", "Properties", 0, 0, 15, 0, 0, 0, 0, 0, 0, 0, 0, 0, 0, 0, 1, 2, 18
"/home/powbu/Documents/Uni/Bachelorarbeit/unbound/testdata/fwd_capsid_white.tdir/fwd_capsid_white.conf", "Properties", 0, 0, 16, 0, 0, 0, 0, 0, 0, 0, 0, 0, 0, 0, 1, 2, 19
"/home/powbu/Documents/Uni/Bachelorarbeit/unbound/testdata/fwd_compress_c00c.tdir/fwd_compress_c00c.conf", "Properties", 0, 0, 15, 0, 0, 0, 0, 0, 0, 0, 0, 0, 0, 0, 1, 2, 18
"/home/powbu/Documents/Uni/Bachelorarbeit/unbound/testdata/fwd_edns_bksec.tdir/fwd_edns_bksec.conf", "Properties", 0, 0, 19, 0, 0, 0, 0, 0, 0, 0, 0, 0, 0, 0, 3, 2, 24
"/home/powbu/Documents/Uni/Bachelorarbeit/unbound/testdata/fwd_edns_probe.tdir/fwd_edns_probe.conf", "Properties", 0, 0, 13, 0, 0, 0, 0, 0, 0, 0, 0, 0, 0, 0, 1, 1, 15
"/home/powbu/Documents/Uni/Bachelorarbeit/unbound/testdata/fwd_malformed.tdir/fwd_malformed.conf", "Properties", 0, 0, 14, 0, 0, 0, 0, 0, 0, 0, 0, 0, 0, 0, 1, 2, 17
"/home/powbu/Documents/Uni/Bachelorarbeit/unbound/testdata/fwd_no_edns.tdir/fwd_no_edns.conf", "Properties", 0, 0, 13, 0, 0, 0, 0, 0, 0, 0, 0, 0, 0, 0, 1, 1, 15
"/home/powbu/Documents/Uni/Bachelorarbeit/unbound/testdata/fwd_oneport.tdir/fwd_oneport.conf", "Properties", 0, 0, 19, 0, 0, 0, 0, 0, 0, 0, 0, 0, 0, 0, 0, 1, 20
"/home/powbu/Documents/Uni/Bachelorarbeit/unbound/testdata/fwd_tcp.tdir/fwd_tcp.conf", "Properties", 0, 0, 13, 0, 0, 0, 0, 0, 0, 0, 0, 0, 0, 0, 1, 1, 15
"/home/powbu/Documents/Uni/Bachelorarbeit/unbound/testdata/fwd_tcp_tc.tdir/fwd_tcp_tc.conf", "Properties", 0, 0, 13, 0, 0, 0, 0, 0, 0, 0, 0, 0, 0, 0, 1, 3, 17
"/home/powbu/Documents/Uni/Bachelorarbeit/unbound/testdata/fwd_tcp_tc6.tdir/fwd_tcp_tc6.conf", "Properties", 0, 0, 14, 0, 0, 0, 0, 0, 0, 0, 0, 0, 0, 0, 1, 3, 18
"/home/powbu/Documents/Uni/Bachelorarbeit/unbound/testdata/fwd_three.tdir/fwd_three.conf", "Properties", 0, 0, 17, 0, 0, 0, 0, 0, 0, 0, 0, 0, 0, 0, 0, 1, 18
"/home/powbu/Documents/Uni/Bachelorarbeit/unbound/testdata/fwd_three_service.tdir/fwd_three_service.conf", "Properties", 0, 0, 16, 0, 0, 0, 0, 0, 0, 0, 0, 0, 0, 0, 0, 1, 17
"/home/powbu/Documents/Uni/Bachelorarbeit/unbound/testdata/fwd_ttlexpire.tdir/fwd_ttlexpire.conf", "Properties", 0, 0, 13, 0, 0, 0, 0, 0, 0, 0, 0, 0, 0, 0, 1, 2, 16
"/home/powbu/Documents/Uni/Bachelorarbeit/unbound/testdata/fwd_udp.tdir/fwd_udp.conf", "Properties", 0, 0, 13, 0, 0, 0, 0, 0, 0, 0, 0, 0, 0, 0, 1, 2, 16
"/home/powbu/Documents/Uni/Bachelorarbeit/unbound/testdata/fwd_udp_with_tcp_upstream.tdir/fwd_udp_with_tcp_upstream.conf", "Properties", 0, 0, 18, 0, 0, 0, 0, 0, 0, 0, 0, 0, 0, 0, 1, 2, 21
"/home/powbu/Documents/Uni/Bachelorarbeit/unbound/testdata/fwd_udptmout.tdir/fwd_udptmout.conf", "Properties", 0, 0, 16, 0, 0, 0, 0, 0, 0, 0, 0, 0, 0, 0, 0, 1, 17
"/home/powbu/Documents/Uni/Bachelorarbeit/unbound/testdata/fwd_waitudp.tdir/fwd_waitudp.conf", "Properties", 0, 0, 16, 0, 0, 0, 0, 0, 0, 0, 0, 0, 0, 0, 0, 1, 17
"/home/powbu/Documents/Uni/Bachelorarbeit/unbound/testdata/fwd_zero.tdir/fwd_zero.conf", "Properties", 0, 0, 13, 0, 0, 0, 0, 0, 0, 0, 0, 0, 0, 0, 1, 2, 16
"/home/powbu/Documents/Uni/Bachelorarbeit/unbound/testdata/http_user_agent.tdir/http_user_agent.conf", "Properties", 0, 0, 24, 0, 0, 0, 0, 0, 0, 0, 0, 0, 0, 0, 0, 1, 25
"/home/powbu/Documents/Uni/Bachelorarbeit/unbound/testdata/ip_ratelimit.tdir/ip_ratelimit.conf", "Properties", 0, 0, 24, 0, 0, 0, 0, 0, 0, 0, 0, 0, 0, 0, 2, 3, 29
"/home/powbu/Documents/Uni/Bachelorarbeit/unbound/testdata/ipsecmod_hook.sh", "Shell Script", 0, 0, 0, 0, 0, 0, 0, 0, 0, 2, 0, 0, 0, 0, 0, 1, 3
"/home/powbu/Documents/Uni/Bachelorarbeit/unbound/testdata/ipset.tdir/ipset.conf", "Properties", 0, 0, 26, 0, 0, 0, 0, 0, 0, 0, 0, 0, 0, 0, 0, 1, 27
"/home/powbu/Documents/Uni/Bachelorarbeit/unbound/testdata/local_nodefault.tdir/local_nodefault.conf", "Properties", 0, 0, 21, 0, 0, 0, 0, 0, 0, 0, 0, 0, 0, 0, 4, 3, 28
"/home/powbu/Documents/Uni/Bachelorarbeit/unbound/testdata/local_norec.tdir/local_norec.conf", "Properties", 0, 0, 19, 0, 0, 0, 0, 0, 0, 0, 0, 0, 0, 0, 1, 5, 25
"/home/powbu/Documents/Uni/Bachelorarbeit/unbound/testdata/local_nosnoop.tdir/local_nosnoop.conf", "Properties", 0, 0, 19, 0, 0, 0, 0, 0, 0, 0, 0, 0, 0, 0, 1, 5, 25
"/home/powbu/Documents/Uni/Bachelorarbeit/unbound/testdata/padding.tdir/padding.conf", "Properties", 0, 0, 22, 0, 0, 0, 0, 0, 0, 0, 0, 0, 0, 0, 0, 6, 28
"/home/powbu/Documents/Uni/Bachelorarbeit/unbound/testdata/proxy_protocol.tdir/proxy_protocol.conf", "Properties", 0, 0, 31, 0, 0, 0, 0, 0, 0, 0, 0, 0, 0, 0, 1, 3, 35
"/home/powbu/Documents/Uni/Bachelorarbeit/unbound/testdata/pylib.tdir/pylib.lookup.conf", "Properties", 0, 0, 13, 0, 0, 0, 0, 0, 0, 0, 0, 0, 0, 0, 0, 2, 15
"/home/powbu/Documents/Uni/Bachelorarbeit/unbound/testdata/pylib.tdir/pylib.lookup.py", "Python", 81, 0, 0, 0, 0, 0, 0, 0, 0, 0, 0, 0, 0, 0, 5, 24, 110
"/home/powbu/Documents/Uni/Bachelorarbeit/unbound/testdata/pymod.tdir/pymod.conf", "Properties", 0, 0, 15, 0, 0, 0, 0, 0, 0, 0, 0, 0, 0, 0, 1, 4, 20
"/home/powbu/Documents/Uni/Bachelorarbeit/unbound/testdata/pymod.tdir/pymod.py", "Python", 119, 0, 0, 0, 0, 0, 0, 0, 0, 0, 0, 0, 0, 0, 12, 33, 164
"/home/powbu/Documents/Uni/Bachelorarbeit/unbound/testdata/pymod_thread.tdir/pymod_thread.conf", "Properties", 0, 0, 16, 0, 0, 0, 0, 0, 0, 0, 0, 0, 0, 0, 0, 4, 20
"/home/powbu/Documents/Uni/Bachelorarbeit/unbound/testdata/pymod_thread.tdir/pymod_thread.py", "Python", 122, 0, 0, 0, 0, 0, 0, 0, 0, 0, 0, 0, 0, 0, 13, 34, 169
"/home/powbu/Documents/Uni/Bachelorarbeit/unbound/testdata/ratelimit.tdir/ratelimit.conf", "Properties", 0, 0, 24, 0, 0, 0, 0, 0, 0, 0, 0, 0, 0, 0, 2, 4, 30
"/home/powbu/Documents/Uni/Bachelorarbeit/unbound/testdata/remote-threaded.tdir/remote-threaded.conf", "Properties", 0, 0, 23, 0, 0, 0, 0, 0, 0, 0, 0, 0, 0, 0, 1, 2, 26
"/home/powbu/Documents/Uni/Bachelorarbeit/unbound/testdata/root_zonemd.tdir/root_zonemd.conf", "Properties", 0, 0, 26, 0, 0, 0, 0, 0, 0, 0, 0, 0, 0, 0, 5, 4, 35
"/home/powbu/Documents/Uni/Bachelorarbeit/unbound/testdata/speed_cache.tdir/makeqs.c", "C", 0, 9, 0, 0, 0, 0, 0, 0, 0, 0, 0, 0, 0, 0, 5, 1, 15
"/home/powbu/Documents/Uni/Bachelorarbeit/unbound/testdata/speed_cache.tdir/makeqs.sh", "Shell Script", 0, 0, 0, 0, 0, 0, 0, 0, 0, 16, 0, 0, 0, 0, 13, 5, 34
"/home/powbu/Documents/Uni/Bachelorarbeit/unbound/testdata/speed_cache.tdir/speed_cache.conf", "Properties", 0, 0, 15, 0, 0, 0, 0, 0, 0, 0, 0, 0, 0, 0, 1, 2, 18
"/home/powbu/Documents/Uni/Bachelorarbeit/unbound/testdata/speed_local.tdir/speed_local.conf", "Properties", 0, 0, 13, 0, 0, 0, 0, 0, 0, 0, 0, 0, 0, 0, 1, 2, 16
"/home/powbu/Documents/Uni/Bachelorarbeit/unbound/testdata/ssl_req_order.tdir/ssl_req_order.conf", "Properties", 0, 0, 22, 0, 0, 0, 0, 0, 0, 0, 0, 0, 0, 0, 1, 3, 26
"/home/powbu/Documents/Uni/Bachelorarbeit/unbound/testdata/ssl_req_timeout.tdir/ssl_req_timeout.conf", "Properties", 0, 0, 22, 0, 0, 0, 0, 0, 0, 0, 0, 0, 0, 0, 1, 3, 26
"/home/powbu/Documents/Uni/Bachelorarbeit/unbound/testdata/stat_timer.tdir/stat_timer.conf", "Properties", 0, 0, 14, 0, 0, 0, 0, 0, 0, 0, 0, 0, 0, 0, 1, 2, 17
"/home/powbu/Documents/Uni/Bachelorarbeit/unbound/testdata/stat_values.tdir/stat_values.conf", "Properties", 0, 0, 32, 0, 0, 0, 0, 0, 0, 0, 0, 0, 0, 0, 1, 2, 35
"/home/powbu/Documents/Uni/Bachelorarbeit/unbound/testdata/stat_values.tdir/stat_values_cachedb.conf", "Properties", 0, 0, 34, 0, 0, 0, 0, 0, 0, 0, 0, 0, 0, 0, 1, 2, 37
"/home/powbu/Documents/Uni/Bachelorarbeit/unbound/testdata/stat_values.tdir/stat_values_downstream_cookies.conf", "Properties", 0, 0, 28, 0, 0, 0, 0, 0, 0, 0, 0, 0, 0, 0, 1, 4, 33
"/home/powbu/Documents/Uni/Bachelorarbeit/unbound/testdata/stream_ssl.tdir/stream_ssl.clie.conf", "Properties", 0, 0, 18, 0, 0, 0, 0, 0, 0, 0, 0, 0, 0, 0, 1, 4, 23
"/home/powbu/Documents/Uni/Bachelorarbeit/unbound/testdata/stream_ssl.tdir/stream_ssl.serv.conf", "Properties", 0, 0, 27, 0, 0, 0, 0, 0, 0, 0, 0, 0, 0, 0, 2, 1, 30
"/home/powbu/Documents/Uni/Bachelorarbeit/unbound/testdata/stream_tcp.tdir/stream_tcp.conf", "Properties", 0, 0, 13, 0, 0, 0, 0, 0, 0, 0, 0, 0, 0, 0, 1, 1, 15
"/home/powbu/Documents/Uni/Bachelorarbeit/unbound/testdata/stub_auth_tc.tdir/stub_auth_tc.conf", "Properties", 0, 0, 13, 0, 0, 0, 0, 0, 0, 0, 0, 0, 0, 0, 1, 3, 17
"/home/powbu/Documents/Uni/Bachelorarbeit/unbound/testdata/stub_udp.tdir/stub_udp.conf", "Properties", 0, 0, 16, 0, 0, 0, 0, 0, 0, 0, 0, 0, 0, 0, 2, 1, 19
"/home/powbu/Documents/Uni/Bachelorarbeit/unbound/testdata/stub_udp6.tdir/stub_udp6.conf", "Properties", 0, 0, 17, 0, 0, 0, 0, 0, 0, 0, 0, 0, 0, 0, 2, 1, 20
"/home/powbu/Documents/Uni/Bachelorarbeit/unbound/testdata/stub_udp_with_tcp_upstream.tdir/stub_udp_with_tcp_upstream.conf", "Properties", 0, 0, 18, 0, 0, 0, 0, 0, 0, 0, 0, 0, 0, 0, 1, 0, 19
"/home/powbu/Documents/Uni/Bachelorarbeit/unbound/testdata/tcp_conn_limit.tdir/tcp_conn_limit.conf", "Properties", 0, 0, 14, 0, 0, 0, 0, 0, 0, 0, 0, 0, 0, 0, 1, 2, 17
"/home/powbu/Documents/Uni/Bachelorarbeit/unbound/testdata/tcp_idle_timeout.tdir/tcp_idle_timeout.conf", "Properties", 0, 0, 14, 0, 0, 0, 0, 0, 0, 0, 0, 0, 0, 0, 1, 2, 17
"/home/powbu/Documents/Uni/Bachelorarbeit/unbound/testdata/tcp_req_order.tdir/tcp_req_order.conf", "Properties", 0, 0, 19, 0, 0, 0, 0, 0, 0, 0, 0, 0, 0, 0, 1, 3, 23
"/home/powbu/Documents/Uni/Bachelorarbeit/unbound/testdata/tcp_req_size.tdir/tcp_req_size.conf", "Properties", 0, 0, 20, 0, 0, 0, 0, 0, 0, 0, 0, 0, 0, 0, 2, 4, 26
"/home/powbu/Documents/Uni/Bachelorarbeit/unbound/testdata/tcp_req_timeout.tdir/tcp_req_timeout.conf", "Properties", 0, 0, 19, 0, 0, 0, 0, 0, 0, 0, 0, 0, 0, 0, 1, 3, 23
"/home/powbu/Documents/Uni/Bachelorarbeit/unbound/testdata/tcp_reuse.tdir/tcp_reuse.conf", "Properties", 0, 0, 14, 0, 0, 0, 0, 0, 0, 0, 0, 0, 0, 0, 1, 3, 18
"/home/powbu/Documents/Uni/Bachelorarbeit/unbound/testdata/tcp_sigpipe.tdir/tcp_sigpipe.conf", "Properties", 0, 0, 13, 0, 0, 0, 0, 0, 0, 0, 0, 0, 0, 0, 1, 2, 16
"/home/powbu/Documents/Uni/Bachelorarbeit/unbound/testdata/tls_reuse.tdir/tls_reuse.conf", "Properties", 0, 0, 15, 0, 0, 0, 0, 0, 0, 0, 0, 0, 0, 0, 1, 3, 19
"/home/powbu/Documents/Uni/Bachelorarbeit/unbound/testdata/zonemd_reload.tdir/zonemd_reload.conf", "Properties", 0, 0, 21, 0, 0, 0, 0, 0, 0, 0, 0, 0, 0, 0, 2, 1, 24
"/home/powbu/Documents/Uni/Bachelorarbeit/unbound/util/alloc.c", "C", 0, 560, 0, 0, 0, 0, 0, 0, 0, 0, 0, 0, 0, 0, 84, 39, 683
"/home/powbu/Documents/Uni/Bachelorarbeit/unbound/util/alloc.h", "C++", 0, 0, 0, 76, 0, 0, 0, 0, 0, 0, 0, 0, 0, 0, 129, 21, 226
"/home/powbu/Documents/Uni/Bachelorarbeit/unbound/util/as112.c", "C", 0, 100, 0, 0, 0, 0, 0, 0, 0, 0, 0, 0, 0, 0, 39, 5, 144
"/home/powbu/Documents/Uni/Bachelorarbeit/unbound/util/as112.h", "C++", 0, 0, 0, 4, 0, 0, 0, 0, 0, 0, 0, 0, 0, 0, 49, 5, 58
"/home/powbu/Documents/Uni/Bachelorarbeit/unbound/util/config_file.c", "C", 0, 2439, 0, 0, 0, 0, 0, 0, 0, 0, 0, 0, 0, 0, 177, 109, 2725
"/home/powbu/Documents/Uni/Bachelorarbeit/unbound/util/config_file.h", "C++", 0, 0, 0, 497, 0, 0, 0, 0, 0, 0, 0, 0, 0, 0, 760, 120, 1377
"/home/powbu/Documents/Uni/Bachelorarbeit/unbound/util/configlexer.c", "C", 0, 5890, 0, 0, 0, 0, 0, 0, 0, 0, 0, 0, 0, 0, 387, 590, 6867
"/home/powbu/Documents/Uni/Bachelorarbeit/unbound/util/configparser.c", "C", 0, 6826, 0, 0, 0, 0, 0, 0, 0, 0, 0, 0, 0, 0, 276, 570, 7672
"/home/powbu/Documents/Uni/Bachelorarbeit/unbound/util/configparser.h", "C++", 0, 0, 0, 731, 0, 0, 0, 0, 0, 0, 0, 0, 0, 0, 37, 16, 784
"/home/powbu/Documents/Uni/Bachelorarbeit/unbound/util/configyyrename.h", "C++", 0, 0, 0, 82, 0, 0, 0, 0, 0, 0, 0, 0, 0, 0, 9, 4, 95
"/home/powbu/Documents/Uni/Bachelorarbeit/unbound/util/data/dname.c", "C", 0, 715, 0, 0, 0, 0, 0, 0, 0, 0, 0, 0, 0, 0, 117, 50, 882
"/home/powbu/Documents/Uni/Bachelorarbeit/unbound/util/data/dname.h", "C++", 0, 0, 0, 37, 0, 0, 0, 0, 0, 0, 0, 0, 0, 0, 255, 34, 326
"/home/powbu/Documents/Uni/Bachelorarbeit/unbound/util/data/msgencode.c", "C", 0, 865, 0, 0, 0, 0, 0, 0, 0, 0, 0, 0, 0, 0, 202, 59, 1126
"/home/powbu/Documents/Uni/Bachelorarbeit/unbound/util/data/msgencode.h", "C++", 0, 0, 0, 25, 0, 0, 0, 0, 0, 0, 0, 0, 0, 0, 134, 13, 172
"/home/powbu/Documents/Uni/Bachelorarbeit/unbound/util/data/msgparse.c", "C", 0, 1038, 0, 0, 0, 0, 0, 0, 0, 0, 0, 0, 0, 0, 235, 61, 1334
"/home/powbu/Documents/Uni/Bachelorarbeit/unbound/util/data/msgparse.h", "C++", 0, 0, 0, 111, 0, 0, 0, 0, 0, 0, 0, 0, 0, 0, 258, 24, 393
"/home/powbu/Documents/Uni/Bachelorarbeit/unbound/util/data/msgreply.c", "C", 0, 1198, 0, 0, 0, 0, 0, 0, 0, 0, 0, 0, 0, 0, 136, 94, 1428
"/home/powbu/Documents/Uni/Bachelorarbeit/unbound/util/data/msgreply.h", "C++", 0, 0, 0, 165, 0, 0, 0, 0, 0, 0, 0, 0, 0, 0, 536, 71, 772
"/home/powbu/Documents/Uni/Bachelorarbeit/unbound/util/data/packed_rrset.c", "C", 0, 348, 0, 0, 0, 0, 0, 0, 0, 0, 0, 0, 0, 0, 45, 23, 416
"/home/powbu/Documents/Uni/Bachelorarbeit/unbound/util/data/packed_rrset.h", "C++", 0, 0, 0, 98, 0, 0, 0, 0, 0, 0, 0, 0, 0, 0, 342, 34, 474
"/home/powbu/Documents/Uni/Bachelorarbeit/unbound/util/edns.c", "C", 0, 130, 0, 0, 0, 0, 0, 0, 0, 0, 0, 0, 0, 0, 46, 14, 190
"/home/powbu/Documents/Uni/Bachelorarbeit/unbound/util/edns.h", "C++", 0, 0, 0, 40, 0, 0, 0, 0, 0, 0, 0, 0, 0, 0, 113, 16, 169
"/home/powbu/Documents/Uni/Bachelorarbeit/unbound/util/fptr_wlist.c", "C", 0, 616, 0, 0, 0, 0, 0, 0, 0, 0, 0, 0, 0, 0, 45, 40, 701
"/home/powbu/Documents/Uni/Bachelorarbeit/unbound/util/fptr_wlist.h", "C++", 0, 0, 0, 75, 0, 0, 0, 0, 0, 0, 0, 0, 0, 0, 291, 44, 410
"/home/powbu/Documents/Uni/Bachelorarbeit/unbound/util/locks.c", "C", 0, 180, 0, 0, 0, 0, 0, 0, 0, 0, 0, 0, 0, 0, 65, 20, 265
"/home/powbu/Documents/Uni/Bachelorarbeit/unbound/util/locks.h", "C++", 0, 0, 0, 169, 0, 0, 0, 0, 0, 0, 0, 0, 0, 0, 109, 36, 314
"/home/powbu/Documents/Uni/Bachelorarbeit/unbound/util/log.c", "C", 0, 432, 0, 0, 0, 0, 0, 0, 0, 0, 0, 0, 0, 0, 79, 28, 539
"/home/powbu/Documents/Uni/Bachelorarbeit/unbound/util/log.h", "C++", 0, 0, 0, 50, 0, 0, 0, 0, 0, 0, 0, 0, 0, 0, 164, 28, 242
"/home/powbu/Documents/Uni/Bachelorarbeit/unbound/util/mini_event.c", "C", 0, 313, 0, 0, 0, 0, 0, 0, 0, 0, 0, 0, 0, 0, 62, 26, 401
"/home/powbu/Documents/Uni/Bachelorarbeit/unbound/util/mini_event.h", "C++", 0, 0, 0, 75, 0, 0, 0, 0, 0, 0, 0, 0, 0, 0, 104, 20, 199
"/home/powbu/Documents/Uni/Bachelorarbeit/unbound/util/module.c", "C", 0, 339, 0, 0, 0, 0, 0, 0, 0, 0, 0, 0, 0, 0, 49, 27, 415
"/home/powbu/Documents/Uni/Bachelorarbeit/unbound/util/module.h", "C++", 0, 0, 0, 231, 0, 0, 0, 0, 0, 0, 0, 0, 0, 0, 665, 66, 962
"/home/powbu/Documents/Uni/Bachelorarbeit/unbound/util/net_help.c", "C", 0, 1626, 0, 0, 0, 0, 0, 0, 0, 0, 0, 0, 0, 0, 125, 97, 1848
"/home/powbu/Documents/Uni/Bachelorarbeit/unbound/util/net_help.h", "C++", 0, 0, 0, 106, 0, 0, 0, 0, 0, 0, 0, 0, 0, 0, 400, 62, 568
"/home/powbu/Documents/Uni/Bachelorarbeit/unbound/util/netevent.c", "C", 0, 4494, 0, 0, 0, 0, 0, 0, 0, 0, 0, 0, 0, 0, 426, 187, 5107
"/home/powbu/Documents/Uni/Bachelorarbeit/unbound/util/netevent.h", "C++", 0, 0, 0, 281, 0, 0, 0, 0, 0, 0, 0, 0, 0, 0, 650, 105, 1036
"/home/powbu/Documents/Uni/Bachelorarbeit/unbound/util/proxy_protocol.c", "C", 0, 119, 0, 0, 0, 0, 0, 0, 0, 0, 0, 0, 0, 0, 72, 9, 200
"/home/powbu/Documents/Uni/Bachelorarbeit/unbound/util/proxy_protocol.h", "C++", 0, 0, 0, 74, 0, 0, 0, 0, 0, 0, 0, 0, 0, 0, 87, 17, 178
"/home/powbu/Documents/Uni/Bachelorarbeit/unbound/util/random.c", "C", 0, 109, 0, 0, 0, 0, 0, 0, 0, 0, 0, 0, 0, 0, 80, 20, 209
"/home/powbu/Documents/Uni/Bachelorarbeit/unbound/util/random.h", "C++", 0, 0, 0, 8, 0, 0, 0, 0, 0, 0, 0, 0, 0, 0, 66, 9, 83
"/home/powbu/Documents/Uni/Bachelorarbeit/unbound/util/rbtree.c", "C", 0, 412, 0, 0, 0, 0, 0, 0, 0, 0, 0, 0, 0, 0, 141, 74, 627
"/home/powbu/Documents/Uni/Bachelorarbeit/unbound/util/rbtree.h", "C++", 0, 0, 0, 36, 0, 0, 0, 0, 0, 0, 0, 0, 0, 0, 136, 21, 193
"/home/powbu/Documents/Uni/Bachelorarbeit/unbound/util/regional.c", "C", 0, 173, 0, 0, 0, 0, 0, 0, 0, 0, 0, 0, 0, 0, 65, 20, 258
"/home/powbu/Documents/Uni/Bachelorarbeit/unbound/util/regional.h", "C++", 0, 0, 0, 25, 0, 0, 0, 0, 0, 0, 0, 0, 0, 0, 123, 16, 164
"/home/powbu/Documents/Uni/Bachelorarbeit/unbound/util/rfc_1982.c", "C", 0, 28, 0, 0, 0, 0, 0, 0, 0, 0, 0, 0, 0, 0, 42, 6, 76
"/home/powbu/Documents/Uni/Bachelorarbeit/unbound/util/rfc_1982.h", "C++", 0, 0, 0, 5, 0, 0, 0, 0, 0, 0, 0, 0, 0, 0, 54, 5, 64
"/home/powbu/Documents/Uni/Bachelorarbeit/unbound/util/rtt.c", "C", 0, 61, 0, 0, 0, 0, 0, 0, 0, 0, 0, 0, 0, 0, 53, 12, 126
"/home/powbu/Documents/Uni/Bachelorarbeit/unbound/util/rtt.h", "C++", 0, 0, 0, 16, 0, 0, 0, 0, 0, 0, 0, 0, 0, 0, 80, 12, 108
"/home/powbu/Documents/Uni/Bachelorarbeit/unbound/util/shm_side/shm_main.c", "C", 0, 191, 0, 0, 0, 0, 0, 0, 0, 0, 0, 0, 0, 0, 67, 51, 309
"/home/powbu/Documents/Uni/Bachelorarbeit/unbound/util/shm_side/shm_main.h", "C++", 0, 0, 0, 16, 0, 0, 0, 0, 0, 0, 0, 0, 0, 0, 46, 7, 69
"/home/powbu/Documents/Uni/Bachelorarbeit/unbound/util/siphash.c", "C", 0, 121, 0, 0, 0, 0, 0, 0, 0, 0, 0, 0, 0, 0, 45, 27, 193
"/home/powbu/Documents/Uni/Bachelorarbeit/unbound/util/siphash.h", "C++", 0, 0, 0, 5, 0, 0, 0, 0, 0, 0, 0, 0, 0, 0, 38, 1, 44
"/home/powbu/Documents/Uni/Bachelorarbeit/unbound/util/storage/dnstree.c", "C", 0, 234, 0, 0, 0, 0, 0, 0, 0, 0, 0, 0, 0, 0, 64, 18, 316
"/home/powbu/Documents/Uni/Bachelorarbeit/unbound/util/storage/dnstree.h", "C++", 0, 0, 0, 41, 0, 0, 0, 0, 0, 0, 0, 0, 0, 0, 158, 22, 221
"/home/powbu/Documents/Uni/Bachelorarbeit/unbound/util/storage/lookup3.c", "C", 0, 707, 0, 0, 0, 0, 0, 0, 0, 0, 0, 0, 0, 0, 271, 87, 1065
"/home/powbu/Documents/Uni/Bachelorarbeit/unbound/util/storage/lookup3.h", "C++", 0, 0, 0, 6, 0, 0, 0, 0, 0, 0, 0, 0, 0, 0, 59, 7, 72
"/home/powbu/Documents/Uni/Bachelorarbeit/unbound/util/storage/lruhash.c", "C", 0, 518, 0, 0, 0, 0, 0, 0, 0, 0, 0, 0, 0, 0, 83, 42, 643
"/home/powbu/Documents/Uni/Bachelorarbeit/unbound/util/storage/lruhash.h", "C++", 0, 0, 0, 77, 0, 0, 0, 0, 0, 0, 0, 0, 0, 0, 332, 41, 450
"/home/powbu/Documents/Uni/Bachelorarbeit/unbound/util/storage/slabhash.c", "C", 0, 188, 0, 0, 0, 0, 0, 0, 0, 0, 0, 0, 0, 0, 49, 26, 263
"/home/powbu/Documents/Uni/Bachelorarbeit/unbound/util/storage/slabhash.h", "C++", 0, 0, 0, 44, 0, 0, 0, 0, 0, 0, 0, 0, 0, 0, 170, 23, 237
"/home/powbu/Documents/Uni/Bachelorarbeit/unbound/util/tcp_conn_limit.c", "C", 0, 140, 0, 0, 0, 0, 0, 0, 0, 0, 0, 0, 0, 0, 42, 13, 195
"/home/powbu/Documents/Uni/Bachelorarbeit/unbound/util/tcp_conn_limit.h", "C++", 0, 0, 0, 26, 0, 0, 0, 0, 0, 0, 0, 0, 0, 0, 92, 13, 131
"/home/powbu/Documents/Uni/Bachelorarbeit/unbound/util/timehist.c", "C", 0, 170, 0, 0, 0, 0, 0, 0, 0, 0, 0, 0, 0, 0, 48, 14, 232
"/home/powbu/Documents/Uni/Bachelorarbeit/unbound/util/timehist.h", "C++", 0, 0, 0, 22, 0, 0, 0, 0, 0, 0, 0, 0, 0, 0, 97, 16, 135
"/home/powbu/Documents/Uni/Bachelorarbeit/unbound/util/timeval_func.c", "C", 0, 63, 0, 0, 0, 0, 0, 0, 0, 0, 0, 0, 0, 0, 44, 7, 114
"/home/powbu/Documents/Uni/Bachelorarbeit/unbound/util/timeval_func.h", "C++", 0, 0, 0, 11, 0, 0, 0, 0, 0, 0, 0, 0, 0, 0, 40, 3, 54
"/home/powbu/Documents/Uni/Bachelorarbeit/unbound/util/tube.c", "C", 0, 657, 0, 0, 0, 0, 0, 0, 0, 0, 0, 0, 0, 0, 82, 56, 795
"/home/powbu/Documents/Uni/Bachelorarbeit/unbound/util/tube.h", "C++", 0, 0, 0, 64, 0, 0, 0, 0, 0, 0, 0, 0, 0, 0, 187, 30, 281
"/home/powbu/Documents/Uni/Bachelorarbeit/unbound/util/ub_event.c", "C", 0, 371, 0, 0, 0, 0, 0, 0, 0, 0, 0, 0, 0, 0, 52, 44, 467
"/home/powbu/Documents/Uni/Bachelorarbeit/unbound/util/ub_event.h", "C++", 0, 0, 0, 41, 0, 0, 0, 0, 0, 0, 0, 0, 0, 0, 78, 9, 128
"/home/powbu/Documents/Uni/Bachelorarbeit/unbound/util/ub_event_pluggable.c", "C", 0, 569, 0, 0, 0, 0, 0, 0, 0, 0, 0, 0, 0, 0, 56, 71, 696
"/home/powbu/Documents/Uni/Bachelorarbeit/unbound/util/winsock_event.c", "C", 0, 570, 0, 0, 0, 0, 0, 0, 0, 0, 0, 0, 0, 0, 82, 43, 695
"/home/powbu/Documents/Uni/Bachelorarbeit/unbound/util/winsock_event.h", "C++", 0, 0, 0, 80, 0, 0, 0, 0, 0, 0, 0, 0, 0, 0, 175, 25, 280
"/home/powbu/Documents/Uni/Bachelorarbeit/unbound/validator/autotrust.c", "C", 0, 1926, 0, 0, 0, 0, 0, 0, 0, 0, 0, 0, 0, 0, 383, 149, 2458
"/home/powbu/Documents/Uni/Bachelorarbeit/unbound/validator/autotrust.h", "C++", 0, 0, 0, 59, 0, 0, 0, 0, 0, 0, 0, 0, 0, 0, 130, 23, 212
"/home/powbu/Documents/Uni/Bachelorarbeit/unbound/validator/val_anchor.c", "C", 0, 1092, 0, 0, 0, 0, 0, 0, 0, 0, 0, 0, 0, 0, 208, 46, 1346
"/home/powbu/Documents/Uni/Bachelorarbeit/unbound/validator/val_anchor.h", "C++", 0, 0, 0, 56, 0, 0, 0, 0, 0, 0, 0, 0, 0, 0, 175, 21, 252
"/home/powbu/Documents/Uni/Bachelorarbeit/unbound/validator/val_kcache.c", "C", 0, 105, 0, 0, 0, 0, 0, 0, 0, 0, 0, 0, 0, 0, 54, 9, 168
"/home/powbu/Documents/Uni/Bachelorarbeit/unbound/validator/val_kcache.h", "C++", 0, 0, 0, 22, 0, 0, 0, 0, 0, 0, 0, 0, 0, 0, 86, 11, 119
"/home/powbu/Documents/Uni/Bachelorarbeit/unbound/validator/val_kentry.c", "C", 0, 357, 0, 0, 0, 0, 0, 0, 0, 0, 0, 0, 0, 0, 50, 23, 430
"/home/powbu/Documents/Uni/Bachelorarbeit/unbound/validator/val_kentry.h", "C++", 0, 0, 0, 53, 0, 0, 0, 0, 0, 0, 0, 0, 0, 0, 159, 23, 235
"/home/powbu/Documents/Uni/Bachelorarbeit/unbound/validator/val_neg.c", "C", 0, 1072, 0, 0, 0, 0, 0, 0, 0, 0, 0, 0, 0, 0, 370, 113, 1555
"/home/powbu/Documents/Uni/Bachelorarbeit/unbound/validator/val_neg.h", "C++", 0, 0, 0, 72, 0, 0, 0, 0, 0, 0, 0, 0, 0, 0, 200, 31, 303
"/home/powbu/Documents/Uni/Bachelorarbeit/unbound/validator/val_nsec.c", "C", 0, 361, 0, 0, 0, 0, 0, 0, 0, 0, 0, 0, 0, 0, 154, 35, 550
"/home/powbu/Documents/Uni/Bachelorarbeit/unbound/validator/val_nsec.h", "C++", 0, 0, 0, 31, 0, 0, 0, 0, 0, 0, 0, 0, 0, 0, 131, 13, 175
"/home/powbu/Documents/Uni/Bachelorarbeit/unbound/validator/val_nsec3.c", "C", 0, 1028, 0, 0, 0, 0, 0, 0, 0, 0, 0, 0, 0, 0, 331, 84, 1443
"/home/powbu/Documents/Uni/Bachelorarbeit/unbound/validator/val_nsec3.h", "C++", 0, 0, 0, 69, 0, 0, 0, 0, 0, 0, 0, 0, 0, 0, 294, 23, 386
"/home/powbu/Documents/Uni/Bachelorarbeit/unbound/validator/val_secalgo.c", "C", 0, 1710, 0, 0, 0, 0, 0, 0, 0, 0, 0, 0, 0, 0, 257, 141, 2108
"/home/powbu/Documents/Uni/Bachelorarbeit/unbound/validator/val_secalgo.h", "C++", 0, 0, 0, 22, 0, 0, 0, 0, 0, 0, 0, 0, 0, 0, 113, 16, 151
"/home/powbu/Documents/Uni/Bachelorarbeit/unbound/validator/val_sigcrypt.c", "C", 0, 1258, 0, 0, 0, 0, 0, 0, 0, 0, 0, 0, 0, 0, 297, 109, 1664
"/home/powbu/Documents/Uni/Bachelorarbeit/unbound/validator/val_sigcrypt.h", "C++", 0, 0, 0, 68, 0, 0, 0, 0, 0, 0, 0, 0, 0, 0, 251, 33, 352
"/home/powbu/Documents/Uni/Bachelorarbeit/unbound/validator/val_utils.c", "C", 0, 983, 0, 0, 0, 0, 0, 0, 0, 0, 0, 0, 0, 0, 193, 67, 1243
"/home/powbu/Documents/Uni/Bachelorarbeit/unbound/validator/val_utils.h", "C++", 0, 0, 0, 82, 0, 0, 0, 0, 0, 0, 0, 0, 0, 0, 306, 27, 415
"/home/powbu/Documents/Uni/Bachelorarbeit/unbound/validator/validator.c", "C", 0, 2118, 0, 0, 0, 0, 0, 0, 0, 0, 0, 0, 0, 0, 727, 183, 3028
"/home/powbu/Documents/Uni/Bachelorarbeit/unbound/validator/validator.h", "C++", 0, 0, 0, 66, 0, 0, 0, 0, 0, 0, 0, 0, 0, 0, 160, 40, 266
"/home/powbu/Documents/Uni/Bachelorarbeit/unbound/winrc/anchor-update.c", "C", 0, 95, 0, 0, 0, 0, 0, 0, 0, 0, 0, 0, 0, 0, 47, 11, 153
"/home/powbu/Documents/Uni/Bachelorarbeit/unbound/winrc/service.conf", "Properties", 0, 0, 3, 0, 0, 0, 0, 0, 0, 0, 0, 0, 0, 0, 20, 7, 30
"/home/powbu/Documents/Uni/Bachelorarbeit/unbound/winrc/unbound-control-setup.cmd", "Batch", 0, 0, 0, 0, 80, 0, 0, 0, 0, 0, 0, 0, 0, 0, 58, 27, 165
"/home/powbu/Documents/Uni/Bachelorarbeit/unbound/winrc/unbound-service-install.c", "C", 0, 17, 0, 0, 0, 0, 0, 0, 0, 0, 0, 0, 0, 0, 46, 3, 66
"/home/powbu/Documents/Uni/Bachelorarbeit/unbound/winrc/unbound-service-remove.c", "C", 0, 17, 0, 0, 0, 0, 0, 0, 0, 0, 0, 0, 0, 0, 46, 3, 66
"/home/powbu/Documents/Uni/Bachelorarbeit/unbound/winrc/w_inst.c", "C", 0, 236, 0, 0, 0, 0, 0, 0, 0, 0, 0, 0, 0, 0, 62, 24, 322
"/home/powbu/Documents/Uni/Bachelorarbeit/unbound/winrc/w_inst.h", "C++", 0, 0, 0, 8, 0, 0, 0, 0, 0, 0, 0, 0, 0, 0, 64, 9, 81
"/home/powbu/Documents/Uni/Bachelorarbeit/unbound/winrc/win_svc.c", "C", 0, 458, 0, 0, 0, 0, 0, 0, 0, 0, 0, 0, 0, 0, 136, 38, 632
"/home/powbu/Documents/Uni/Bachelorarbeit/unbound/winrc/win_svc.h", "C++", 0, 0, 0, 14, 0, 0, 0, 0, 0, 0, 0, 0, 0, 0, 66, 11, 91
"Total", "-", 2106, 128092, 2153, 9092, 308, 1727, 257, 351, 4533, 9968, 142, 36, 40, 718, 47447, 18045, 225015